--------------------------------------------------------
--  File created - Wednesday-June-27-2018   
--------------------------------------------------------
DROP TABLE "EDWARDORA"."CLINIC" cascade constraints;
DROP TABLE "EDWARDORA"."INFORMATION" cascade constraints;
DROP TABLE "EDWARDORA"."GUARDIAN" cascade constraints;
DROP TABLE "EDWARDORA"."FAMILYHISTORY" cascade constraints;
DROP TABLE "EDWARDORA"."FACULTYJOBS" cascade constraints;
DROP TABLE "EDWARDORA"."FACULTY" cascade constraints;
DROP TABLE "EDWARDORA"."ACCOUNT" cascade constraints;
DROP TABLE "EDWARDORA"."COURSE" cascade constraints;
DROP TABLE "EDWARDORA"."DIAGNOSIS" cascade constraints;
DROP TABLE "EDWARDORA"."DIAGNOSISHISTORY" cascade constraints;
DROP TABLE "EDWARDORA"."DRUG" cascade constraints;
DROP TABLE "EDWARDORA"."PERSONALCONSULTATION" cascade constraints;
DROP TABLE "EDWARDORA"."PERSONALCONSULTATIONHISTORY" cascade constraints;
DROP TABLE "EDWARDORA"."PERSONINCHARGE" cascade constraints;
DROP TABLE "EDWARDORA"."PHYSICALEXAM" cascade constraints;
DROP TABLE "EDWARDORA"."PHYSICALEXAMHISTORY" cascade constraints;
DROP TABLE "EDWARDORA"."TYPE" cascade constraints;
DROP TABLE "EDWARDORA"."STUDENT" cascade constraints;
--------------------------------------------------------
--  DDL for Table CLINIC
--------------------------------------------------------

  CREATE TABLE "EDWARDORA"."CLINIC" 
   (	"PERSON_ID" NUMBER(*,0), 
	"TYPE_ID" NUMBER(*,0), 
	"FIRST_NAME" VARCHAR2(99 BYTE), 
	"LAST_NAME" VARCHAR2(99 BYTE)
   ) SEGMENT CREATION IMMEDIATE 
  PCTFREE 10 PCTUSED 40 INITRANS 1 MAXTRANS 255 NOCOMPRESS LOGGING
  STORAGE(INITIAL 65536 NEXT 1048576 MINEXTENTS 1 MAXEXTENTS 2147483645
  PCTINCREASE 0 FREELISTS 1 FREELIST GROUPS 1 BUFFER_POOL DEFAULT FLASH_CACHE DEFAULT CELL_FLASH_CACHE DEFAULT)
  TABLESPACE "USERS" ;
--------------------------------------------------------
--  DDL for Table INFORMATION
--------------------------------------------------------

  CREATE TABLE "EDWARDORA"."INFORMATION" 
   (	"PERSON_ID" NUMBER(*,0), 
	"GUARDIAN_ID" NUMBER(*,0), 
	"MOBILE_NO" NUMBER(*,0), 
	"GENDER" VARCHAR2(10 BYTE), 
	"BIRTH_NATIONALITY" VARCHAR2(50 BYTE), 
	"BIRTH_DATE" DATE, 
	"CITY" VARCHAR2(40 BYTE), 
	"CAMPUS" VARCHAR2(20 BYTE)
   ) SEGMENT CREATION IMMEDIATE 
  PCTFREE 10 PCTUSED 40 INITRANS 1 MAXTRANS 255 NOCOMPRESS LOGGING
  STORAGE(INITIAL 65536 NEXT 1048576 MINEXTENTS 1 MAXEXTENTS 2147483645
  PCTINCREASE 0 FREELISTS 1 FREELIST GROUPS 1 BUFFER_POOL DEFAULT FLASH_CACHE DEFAULT CELL_FLASH_CACHE DEFAULT)
  TABLESPACE "USERS" ;
--------------------------------------------------------
--  DDL for Table GUARDIAN
--------------------------------------------------------

  CREATE TABLE "EDWARDORA"."GUARDIAN" 
   (	"GUARDIAN_ID" NUMBER(*,0), 
	"FIRST_NAME" VARCHAR2(99 BYTE), 
	"LAST_NAME" VARCHAR2(99 BYTE), 
	"MOBILE_NO" NUMBER(*,0), 
	"RELATION" VARCHAR2(20 BYTE)
   ) SEGMENT CREATION IMMEDIATE 
  PCTFREE 10 PCTUSED 40 INITRANS 1 MAXTRANS 255 NOCOMPRESS LOGGING
  STORAGE(INITIAL 65536 NEXT 1048576 MINEXTENTS 1 MAXEXTENTS 2147483645
  PCTINCREASE 0 FREELISTS 1 FREELIST GROUPS 1 BUFFER_POOL DEFAULT FLASH_CACHE DEFAULT CELL_FLASH_CACHE DEFAULT)
  TABLESPACE "USERS" ;
--------------------------------------------------------
--  DDL for Table FAMILYHISTORY
--------------------------------------------------------

  CREATE TABLE "EDWARDORA"."FAMILYHISTORY" 
   (	"RELATION" VARCHAR2(99 BYTE), 
	"PERSON_ID" NUMBER(*,0), 
	"LAST_NAME" VARCHAR2(99 BYTE), 
	"FIRST_NAME" VARCHAR2(99 BYTE), 
	"ILLNESS" VARCHAR2(99 BYTE)
   ) SEGMENT CREATION IMMEDIATE 
  PCTFREE 10 PCTUSED 40 INITRANS 1 MAXTRANS 255 NOCOMPRESS LOGGING
  STORAGE(INITIAL 65536 NEXT 1048576 MINEXTENTS 1 MAXEXTENTS 2147483645
  PCTINCREASE 0 FREELISTS 1 FREELIST GROUPS 1 BUFFER_POOL DEFAULT FLASH_CACHE DEFAULT CELL_FLASH_CACHE DEFAULT)
  TABLESPACE "USERS" ;
--------------------------------------------------------
--  DDL for Table FACULTYJOBS
--------------------------------------------------------

  CREATE TABLE "EDWARDORA"."FACULTYJOBS" 
   (	"FACULTY_ID" NUMBER(*,0), 
	"CODE" VARCHAR2(90 BYTE), 
	"POSITION" VARCHAR2(90 BYTE)
   ) SEGMENT CREATION IMMEDIATE 
  PCTFREE 10 PCTUSED 40 INITRANS 1 MAXTRANS 255 NOCOMPRESS LOGGING
  STORAGE(INITIAL 65536 NEXT 1048576 MINEXTENTS 1 MAXEXTENTS 2147483645
  PCTINCREASE 0 FREELISTS 1 FREELIST GROUPS 1 BUFFER_POOL DEFAULT FLASH_CACHE DEFAULT CELL_FLASH_CACHE DEFAULT)
  TABLESPACE "USERS" ;
--------------------------------------------------------
--  DDL for Table FACULTY
--------------------------------------------------------

  CREATE TABLE "EDWARDORA"."FACULTY" 
   (	"PERSON_ID" NUMBER(*,0), 
	"TYPE_ID" NUMBER(*,0), 
	"FACULTY_ID" NUMBER(*,0)
   ) SEGMENT CREATION IMMEDIATE 
  PCTFREE 10 PCTUSED 40 INITRANS 1 MAXTRANS 255 NOCOMPRESS LOGGING
  STORAGE(INITIAL 65536 NEXT 1048576 MINEXTENTS 1 MAXEXTENTS 2147483645
  PCTINCREASE 0 FREELISTS 1 FREELIST GROUPS 1 BUFFER_POOL DEFAULT FLASH_CACHE DEFAULT CELL_FLASH_CACHE DEFAULT)
  TABLESPACE "USERS" ;
--------------------------------------------------------
--  DDL for Table ACCOUNT
--------------------------------------------------------

  CREATE TABLE "EDWARDORA"."ACCOUNT" 
   (	"PIC_ID" NUMBER(*,0), 
	"USERNAME" VARCHAR2(90 BYTE), 
	"PASSWORD" VARCHAR2(90 BYTE)
   ) SEGMENT CREATION IMMEDIATE 
  PCTFREE 10 PCTUSED 40 INITRANS 1 MAXTRANS 255 NOCOMPRESS LOGGING
  STORAGE(INITIAL 65536 NEXT 1048576 MINEXTENTS 1 MAXEXTENTS 2147483645
  PCTINCREASE 0 FREELISTS 1 FREELIST GROUPS 1 BUFFER_POOL DEFAULT FLASH_CACHE DEFAULT CELL_FLASH_CACHE DEFAULT)
  TABLESPACE "USERS" ;
--------------------------------------------------------
--  DDL for Table COURSE
--------------------------------------------------------

  CREATE TABLE "EDWARDORA"."COURSE" 
   (	"COURSE_ID" NUMBER(*,0), 
	"COURSE_CODE" VARCHAR2(10 BYTE), 
	"COURSE_NAME" VARCHAR2(50 BYTE)
   ) SEGMENT CREATION IMMEDIATE 
  PCTFREE 10 PCTUSED 40 INITRANS 1 MAXTRANS 255 NOCOMPRESS LOGGING
  STORAGE(INITIAL 65536 NEXT 1048576 MINEXTENTS 1 MAXEXTENTS 2147483645
  PCTINCREASE 0 FREELISTS 1 FREELIST GROUPS 1 BUFFER_POOL DEFAULT FLASH_CACHE DEFAULT CELL_FLASH_CACHE DEFAULT)
  TABLESPACE "USERS" ;
--------------------------------------------------------
--  DDL for Table DIAGNOSIS
--------------------------------------------------------

  CREATE TABLE "EDWARDORA"."DIAGNOSIS" 
   (	"PERSON_ID" NUMBER(*,0), 
	"DIAGNOSIS_DESCRIPTION" VARCHAR2(500 BYTE), 
	"D_NO" NUMBER(*,0)
   ) SEGMENT CREATION IMMEDIATE 
  PCTFREE 10 PCTUSED 40 INITRANS 1 MAXTRANS 255 NOCOMPRESS LOGGING
  STORAGE(INITIAL 65536 NEXT 1048576 MINEXTENTS 1 MAXEXTENTS 2147483645
  PCTINCREASE 0 FREELISTS 1 FREELIST GROUPS 1 BUFFER_POOL DEFAULT FLASH_CACHE DEFAULT CELL_FLASH_CACHE DEFAULT)
  TABLESPACE "USERS" ;
--------------------------------------------------------
--  DDL for Table DIAGNOSISHISTORY
--------------------------------------------------------

  CREATE TABLE "EDWARDORA"."DIAGNOSISHISTORY" 
   (	"D_NO" NUMBER(*,0), 
	"D_DATE" DATE, 
	"PIC_ID" NUMBER(*,0)
   ) SEGMENT CREATION IMMEDIATE 
  PCTFREE 10 PCTUSED 40 INITRANS 1 MAXTRANS 255 NOCOMPRESS LOGGING
  STORAGE(INITIAL 65536 NEXT 1048576 MINEXTENTS 1 MAXEXTENTS 2147483645
  PCTINCREASE 0 FREELISTS 1 FREELIST GROUPS 1 BUFFER_POOL DEFAULT FLASH_CACHE DEFAULT CELL_FLASH_CACHE DEFAULT)
  TABLESPACE "USERS" ;
--------------------------------------------------------
--  DDL for Table DRUG
--------------------------------------------------------

  CREATE TABLE "EDWARDORA"."DRUG" 
   (	"D_NO" NUMBER(*,0), 
	"NAME" VARCHAR2(90 BYTE), 
	"COST" NUMBER(*,0), 
	"QUANTITY" NUMBER(*,0)
   ) SEGMENT CREATION IMMEDIATE 
  PCTFREE 10 PCTUSED 40 INITRANS 1 MAXTRANS 255 NOCOMPRESS LOGGING
  STORAGE(INITIAL 65536 NEXT 1048576 MINEXTENTS 1 MAXEXTENTS 2147483645
  PCTINCREASE 0 FREELISTS 1 FREELIST GROUPS 1 BUFFER_POOL DEFAULT FLASH_CACHE DEFAULT CELL_FLASH_CACHE DEFAULT)
  TABLESPACE "USERS" ;
--------------------------------------------------------
--  DDL for Table PERSONALCONSULTATION
--------------------------------------------------------

  CREATE TABLE "EDWARDORA"."PERSONALCONSULTATION" 
   (	"PERSON_ID" NUMBER(*,0), 
	"PC_NO" NUMBER(*,0), 
	"SUBJECTCOMPLAINTS" VARCHAR2(300 BYTE), 
	"OBJECTFINDINGS" VARCHAR2(300 BYTE), 
	"ASSESSMENT" VARCHAR2(300 BYTE), 
	"PLANS" VARCHAR2(300 BYTE)
   ) SEGMENT CREATION IMMEDIATE 
  PCTFREE 10 PCTUSED 40 INITRANS 1 MAXTRANS 255 NOCOMPRESS LOGGING
  STORAGE(INITIAL 65536 NEXT 1048576 MINEXTENTS 1 MAXEXTENTS 2147483645
  PCTINCREASE 0 FREELISTS 1 FREELIST GROUPS 1 BUFFER_POOL DEFAULT FLASH_CACHE DEFAULT CELL_FLASH_CACHE DEFAULT)
  TABLESPACE "USERS" ;
--------------------------------------------------------
--  DDL for Table PERSONALCONSULTATIONHISTORY
--------------------------------------------------------

  CREATE TABLE "EDWARDORA"."PERSONALCONSULTATIONHISTORY" 
   (	"PC_NO" NUMBER(*,0), 
	"PC_DATE" DATE, 
	"PIC_ID" NUMBER(*,0)
   ) SEGMENT CREATION IMMEDIATE 
  PCTFREE 10 PCTUSED 40 INITRANS 1 MAXTRANS 255 NOCOMPRESS LOGGING
  STORAGE(INITIAL 65536 NEXT 1048576 MINEXTENTS 1 MAXEXTENTS 2147483645
  PCTINCREASE 0 FREELISTS 1 FREELIST GROUPS 1 BUFFER_POOL DEFAULT FLASH_CACHE DEFAULT CELL_FLASH_CACHE DEFAULT)
  TABLESPACE "USERS" ;
--------------------------------------------------------
--  DDL for Table PERSONINCHARGE
--------------------------------------------------------

  CREATE TABLE "EDWARDORA"."PERSONINCHARGE" 
   (	"PIC_ID" NUMBER(*,0), 
	"FIRST_NAME" VARCHAR2(99 BYTE), 
	"LAST_NAME" VARCHAR2(99 BYTE), 
	"POSITION" VARCHAR2(99 BYTE)
   ) SEGMENT CREATION IMMEDIATE 
  PCTFREE 10 PCTUSED 40 INITRANS 1 MAXTRANS 255 NOCOMPRESS LOGGING
  STORAGE(INITIAL 65536 NEXT 1048576 MINEXTENTS 1 MAXEXTENTS 2147483645
  PCTINCREASE 0 FREELISTS 1 FREELIST GROUPS 1 BUFFER_POOL DEFAULT FLASH_CACHE DEFAULT CELL_FLASH_CACHE DEFAULT)
  TABLESPACE "USERS" ;
--------------------------------------------------------
--  DDL for Table PHYSICALEXAM
--------------------------------------------------------

  CREATE TABLE "EDWARDORA"."PHYSICALEXAM" 
   (	"PERSON_ID" NUMBER(*,0), 
	"PE_NO" NUMBER(*,0), 
	"HEIGHT_FEET" NUMBER(*,0), 
	"HEIGHT_INCH" NUMBER(*,0), 
	"HEART_RATE" NUMBER(*,0), 
	"HEART_SYSTOLIC" NUMBER(*,0), 
	"HEART_DIASTOLIC" NUMBER(*,0), 
	"HEART_IRREGULARITIES" VARCHAR2(300 BYTE), 
	"PERSON_DIAGNOSIS" VARCHAR2(300 BYTE)
   ) SEGMENT CREATION IMMEDIATE 
  PCTFREE 10 PCTUSED 40 INITRANS 1 MAXTRANS 255 NOCOMPRESS LOGGING
  STORAGE(INITIAL 65536 NEXT 1048576 MINEXTENTS 1 MAXEXTENTS 2147483645
  PCTINCREASE 0 FREELISTS 1 FREELIST GROUPS 1 BUFFER_POOL DEFAULT FLASH_CACHE DEFAULT CELL_FLASH_CACHE DEFAULT)
  TABLESPACE "USERS" ;
--------------------------------------------------------
--  DDL for Table PHYSICALEXAMHISTORY
--------------------------------------------------------

  CREATE TABLE "EDWARDORA"."PHYSICALEXAMHISTORY" 
   (	"PE_NO" NUMBER(*,0), 
	"PE_DATE" DATE, 
	"PIC_ID" NUMBER(*,0)
   ) SEGMENT CREATION IMMEDIATE 
  PCTFREE 10 PCTUSED 40 INITRANS 1 MAXTRANS 255 NOCOMPRESS LOGGING
  STORAGE(INITIAL 65536 NEXT 1048576 MINEXTENTS 1 MAXEXTENTS 2147483645
  PCTINCREASE 0 FREELISTS 1 FREELIST GROUPS 1 BUFFER_POOL DEFAULT FLASH_CACHE DEFAULT CELL_FLASH_CACHE DEFAULT)
  TABLESPACE "USERS" ;
--------------------------------------------------------
--  DDL for Table TYPE
--------------------------------------------------------

  CREATE TABLE "EDWARDORA"."TYPE" 
   (	"TYPE_ID" NUMBER(*,0), 
	"TYPE_NAME" VARCHAR2(50 BYTE)
   ) SEGMENT CREATION IMMEDIATE 
  PCTFREE 10 PCTUSED 40 INITRANS 1 MAXTRANS 255 NOCOMPRESS LOGGING
  STORAGE(INITIAL 65536 NEXT 1048576 MINEXTENTS 1 MAXEXTENTS 2147483645
  PCTINCREASE 0 FREELISTS 1 FREELIST GROUPS 1 BUFFER_POOL DEFAULT FLASH_CACHE DEFAULT CELL_FLASH_CACHE DEFAULT)
  TABLESPACE "USERS" ;
--------------------------------------------------------
--  DDL for Table STUDENT
--------------------------------------------------------

  CREATE TABLE "EDWARDORA"."STUDENT" 
   (	"PERSON_ID" NUMBER(*,0), 
	"COURSE_ID" NUMBER(*,0), 
	"TYPE_ID" NUMBER(*,0), 
	"STUDENT_YEAR" NUMBER(*,0)
   ) SEGMENT CREATION IMMEDIATE 
  PCTFREE 10 PCTUSED 40 INITRANS 1 MAXTRANS 255 NOCOMPRESS LOGGING
  STORAGE(INITIAL 65536 NEXT 1048576 MINEXTENTS 1 MAXEXTENTS 2147483645
  PCTINCREASE 0 FREELISTS 1 FREELIST GROUPS 1 BUFFER_POOL DEFAULT FLASH_CACHE DEFAULT CELL_FLASH_CACHE DEFAULT)
  TABLESPACE "USERS" ;
REM INSERTING into EDWARDORA.CLINIC
SET DEFINE OFF;
Insert into EDWARDORA.CLINIC (PERSON_ID,TYPE_ID,FIRST_NAME,LAST_NAME) values (33433,1,'JOHNSONA','ABCDE');
Insert into EDWARDORA.CLINIC (PERSON_ID,TYPE_ID,FIRST_NAME,LAST_NAME) values (2015107159,1,'JERICA','TUBALLA');
Insert into EDWARDORA.CLINIC (PERSON_ID,TYPE_ID,FIRST_NAME,LAST_NAME) values (2015106152,1,'JUSTIN JASON','GARCIA');
Insert into EDWARDORA.CLINIC (PERSON_ID,TYPE_ID,FIRST_NAME,LAST_NAME) values (2015111028,1,'CARL JUSTINE','DOLLETE');
Insert into EDWARDORA.CLINIC (PERSON_ID,TYPE_ID,FIRST_NAME,LAST_NAME) values (2015107415,1,'RENZ JIRHEL','BAHIA');
Insert into EDWARDORA.CLINIC (PERSON_ID,TYPE_ID,FIRST_NAME,LAST_NAME) values (2015151411,1,'GUILLERMO','HEQUIBAL');
Insert into EDWARDORA.CLINIC (PERSON_ID,TYPE_ID,FIRST_NAME,LAST_NAME) values (2015111989,1,'GIESTHER','GAPASANGRA');
Insert into EDWARDORA.CLINIC (PERSON_ID,TYPE_ID,FIRST_NAME,LAST_NAME) values (2015111963,1,'JOSE ANGEL','CARLOS');
Insert into EDWARDORA.CLINIC (PERSON_ID,TYPE_ID,FIRST_NAME,LAST_NAME) values (2015120485,1,'ANGELO IAN','REYES');
Insert into EDWARDORA.CLINIC (PERSON_ID,TYPE_ID,FIRST_NAME,LAST_NAME) values (2015107654,1,'JADE LUKE','DIAZ');
Insert into EDWARDORA.CLINIC (PERSON_ID,TYPE_ID,FIRST_NAME,LAST_NAME) values (2015104643,1,'NELBEIN PAUL','NONO');
Insert into EDWARDORA.CLINIC (PERSON_ID,TYPE_ID,FIRST_NAME,LAST_NAME) values (2015112905,1,'KHIER BENNEDIC CYREL','FLORES');
Insert into EDWARDORA.CLINIC (PERSON_ID,TYPE_ID,FIRST_NAME,LAST_NAME) values (2015140237,1,'GLENN CLARENCE','LABO');
Insert into EDWARDORA.CLINIC (PERSON_ID,TYPE_ID,FIRST_NAME,LAST_NAME) values (2015111297,1,'PAULINE ANDREA','VIVERO');
Insert into EDWARDORA.CLINIC (PERSON_ID,TYPE_ID,FIRST_NAME,LAST_NAME) values (2015170909,1,'RENZ','GAZMIN');
Insert into EDWARDORA.CLINIC (PERSON_ID,TYPE_ID,FIRST_NAME,LAST_NAME) values (2015111308,1,'PAULO DANIEL','CARANDANG');
Insert into EDWARDORA.CLINIC (PERSON_ID,TYPE_ID,FIRST_NAME,LAST_NAME) values (2015107941,1,'ELLY JAY','GRAN');
Insert into EDWARDORA.CLINIC (PERSON_ID,TYPE_ID,FIRST_NAME,LAST_NAME) values (2015110102,1,'JOHN JEFCAR','OMAOENG');
Insert into EDWARDORA.CLINIC (PERSON_ID,TYPE_ID,FIRST_NAME,LAST_NAME) values (2015107361,1,'GWYNEL DANIEL','SAMBILE');
Insert into EDWARDORA.CLINIC (PERSON_ID,TYPE_ID,FIRST_NAME,LAST_NAME) values (10000000,2,'ARESH','SHAHARKIZ');
Insert into EDWARDORA.CLINIC (PERSON_ID,TYPE_ID,FIRST_NAME,LAST_NAME) values (10000001,2,'ERIC','BLANCAFLOR');
Insert into EDWARDORA.CLINIC (PERSON_ID,TYPE_ID,FIRST_NAME,LAST_NAME) values (10000002,2,'JOEL','DE GOMA');
Insert into EDWARDORA.CLINIC (PERSON_ID,TYPE_ID,FIRST_NAME,LAST_NAME) values (10000003,2,'FUENTES','GLOREN');
Insert into EDWARDORA.CLINIC (PERSON_ID,TYPE_ID,FIRST_NAME,LAST_NAME) values (10000005,2,'MEL','LLESOL');
Insert into EDWARDORA.CLINIC (PERSON_ID,TYPE_ID,FIRST_NAME,LAST_NAME) values (10000006,2,'MARY JANE','SAMONTE');
Insert into EDWARDORA.CLINIC (PERSON_ID,TYPE_ID,FIRST_NAME,LAST_NAME) values (10000007,2,'ELCID','SERRANO');
Insert into EDWARDORA.CLINIC (PERSON_ID,TYPE_ID,FIRST_NAME,LAST_NAME) values (10000008,2,'LARRU','VEA');
Insert into EDWARDORA.CLINIC (PERSON_ID,TYPE_ID,FIRST_NAME,LAST_NAME) values (10000009,2,'JOHN PAUL','TOMAS');
Insert into EDWARDORA.CLINIC (PERSON_ID,TYPE_ID,FIRST_NAME,LAST_NAME) values (10000010,2,'WILLIAM','REY');
Insert into EDWARDORA.CLINIC (PERSON_ID,TYPE_ID,FIRST_NAME,LAST_NAME) values (10000011,2,'VIDA MARIE','MARAYAG');
Insert into EDWARDORA.CLINIC (PERSON_ID,TYPE_ID,FIRST_NAME,LAST_NAME) values (20000000,2,'EDNA','CORTEZ');
Insert into EDWARDORA.CLINIC (PERSON_ID,TYPE_ID,FIRST_NAME,LAST_NAME) values (20000001,2,'PADILLA','REYNALDO');
Insert into EDWARDORA.CLINIC (PERSON_ID,TYPE_ID,FIRST_NAME,LAST_NAME) values (20000002,2,'ARVIN','PATANI');
Insert into EDWARDORA.CLINIC (PERSON_ID,TYPE_ID,FIRST_NAME,LAST_NAME) values (20000003,2,'NEIL EDWIN','YUZON');
Insert into EDWARDORA.CLINIC (PERSON_ID,TYPE_ID,FIRST_NAME,LAST_NAME) values (20000004,2,'MARIA THERESA','TRINIDAD');
Insert into EDWARDORA.CLINIC (PERSON_ID,TYPE_ID,FIRST_NAME,LAST_NAME) values (20000005,2,'GENEVIEVE','ACIO');
Insert into EDWARDORA.CLINIC (PERSON_ID,TYPE_ID,FIRST_NAME,LAST_NAME) values (20000006,2,'ANN MILLAINE','AMBAYEC');
Insert into EDWARDORA.CLINIC (PERSON_ID,TYPE_ID,FIRST_NAME,LAST_NAME) values (20000007,2,'LABAYO','CZARINA');
Insert into EDWARDORA.CLINIC (PERSON_ID,TYPE_ID,FIRST_NAME,LAST_NAME) values (20000008,2,'SALUSTIANO','MACATANGAY');
Insert into EDWARDORA.CLINIC (PERSON_ID,TYPE_ID,FIRST_NAME,LAST_NAME) values (331244,1,'NICOLE','GARCIA');
Insert into EDWARDORA.CLINIC (PERSON_ID,TYPE_ID,FIRST_NAME,LAST_NAME) values (2214,1,'NICOLE','GARCIA');
Insert into EDWARDORA.CLINIC (PERSON_ID,TYPE_ID,FIRST_NAME,LAST_NAME) values (31111111,2,'JUANITOUH','GRACIAZ');
Insert into EDWARDORA.CLINIC (PERSON_ID,TYPE_ID,FIRST_NAME,LAST_NAME) values (12345678,1,'Nicole','Tianco');
Insert into EDWARDORA.CLINIC (PERSON_ID,TYPE_ID,FIRST_NAME,LAST_NAME) values (313132,2,'sdfsf','qwe3we');
Insert into EDWARDORA.CLINIC (PERSON_ID,TYPE_ID,FIRST_NAME,LAST_NAME) values (2,1,'2','2');
Insert into EDWARDORA.CLINIC (PERSON_ID,TYPE_ID,FIRST_NAME,LAST_NAME) values (56757745131,1,'56757745131','56757745131');
Insert into EDWARDORA.CLINIC (PERSON_ID,TYPE_ID,FIRST_NAME,LAST_NAME) values (567577451312,1,'567577451312','567577451312');
Insert into EDWARDORA.CLINIC (PERSON_ID,TYPE_ID,FIRST_NAME,LAST_NAME) values (1414466,1,'EDWARD','GARCIA');
Insert into EDWARDORA.CLINIC (PERSON_ID,TYPE_ID,FIRST_NAME,LAST_NAME) values (14144661,1,'EDWARD','GARCIA');
Insert into EDWARDORA.CLINIC (PERSON_ID,TYPE_ID,FIRST_NAME,LAST_NAME) values (141446,1,'EDWARD','GARCIA');
Insert into EDWARDORA.CLINIC (PERSON_ID,TYPE_ID,FIRST_NAME,LAST_NAME) values (2425,1,'EDWARD','GARCIA');
Insert into EDWARDORA.CLINIC (PERSON_ID,TYPE_ID,FIRST_NAME,LAST_NAME) values (2426,1,'EDWARD','GARCIA');
Insert into EDWARDORA.CLINIC (PERSON_ID,TYPE_ID,FIRST_NAME,LAST_NAME) values (2427,1,'EDWARD','GARCIA');
Insert into EDWARDORA.CLINIC (PERSON_ID,TYPE_ID,FIRST_NAME,LAST_NAME) values (2428,1,'EDWARD','GARCIA');
Insert into EDWARDORA.CLINIC (PERSON_ID,TYPE_ID,FIRST_NAME,LAST_NAME) values (2429,1,'EDWARD','GARCIA');
Insert into EDWARDORA.CLINIC (PERSON_ID,TYPE_ID,FIRST_NAME,LAST_NAME) values (3000,1,'EDWARD','GARCIA');
Insert into EDWARDORA.CLINIC (PERSON_ID,TYPE_ID,FIRST_NAME,LAST_NAME) values (42353,1,'EDWARD','GARCIA');
Insert into EDWARDORA.CLINIC (PERSON_ID,TYPE_ID,FIRST_NAME,LAST_NAME) values (42352,1,'EDWARD','GARCIA');
Insert into EDWARDORA.CLINIC (PERSON_ID,TYPE_ID,FIRST_NAME,LAST_NAME) values (60601,1,'60601','60601');
Insert into EDWARDORA.CLINIC (PERSON_ID,TYPE_ID,FIRST_NAME,LAST_NAME) values (60602,1,'60602','60602');
Insert into EDWARDORA.CLINIC (PERSON_ID,TYPE_ID,FIRST_NAME,LAST_NAME) values (60603,1,'60603','60603');
Insert into EDWARDORA.CLINIC (PERSON_ID,TYPE_ID,FIRST_NAME,LAST_NAME) values (60604,1,'60604','60604');
Insert into EDWARDORA.CLINIC (PERSON_ID,TYPE_ID,FIRST_NAME,LAST_NAME) values (60605,1,'60605','60605');
Insert into EDWARDORA.CLINIC (PERSON_ID,TYPE_ID,FIRST_NAME,LAST_NAME) values (1246,1,'1246','1246');
Insert into EDWARDORA.CLINIC (PERSON_ID,TYPE_ID,FIRST_NAME,LAST_NAME) values (12567,1,'ANGEL','DEVIL');
Insert into EDWARDORA.CLINIC (PERSON_ID,TYPE_ID,FIRST_NAME,LAST_NAME) values (12578,1,'angel','devil');
Insert into EDWARDORA.CLINIC (PERSON_ID,TYPE_ID,FIRST_NAME,LAST_NAME) values (4235,2,'4235','4235');
Insert into EDWARDORA.CLINIC (PERSON_ID,TYPE_ID,FIRST_NAME,LAST_NAME) values (4444,2,'ABCD','EFGH');
Insert into EDWARDORA.CLINIC (PERSON_ID,TYPE_ID,FIRST_NAME,LAST_NAME) values (1,2,'JEJEMONZ','LOPEZ');
Insert into EDWARDORA.CLINIC (PERSON_ID,TYPE_ID,FIRST_NAME,LAST_NAME) values (111111111,2,'GUGU','GAGA');
Insert into EDWARDORA.CLINIC (PERSON_ID,TYPE_ID,FIRST_NAME,LAST_NAME) values (3333,2,'AAA','BBB');
Insert into EDWARDORA.CLINIC (PERSON_ID,TYPE_ID,FIRST_NAME,LAST_NAME) values (444,1,'FF','GG');
Insert into EDWARDORA.CLINIC (PERSON_ID,TYPE_ID,FIRST_NAME,LAST_NAME) values (12134556,1,'12134556','12134556');
Insert into EDWARDORA.CLINIC (PERSON_ID,TYPE_ID,FIRST_NAME,LAST_NAME) values (121345561,1,'12134556','12134556');
Insert into EDWARDORA.CLINIC (PERSON_ID,TYPE_ID,FIRST_NAME,LAST_NAME) values (1000331,1,'1000331','1000331');
Insert into EDWARDORA.CLINIC (PERSON_ID,TYPE_ID,FIRST_NAME,LAST_NAME) values (1121237,1,'Edward','Garcia');
Insert into EDWARDORA.CLINIC (PERSON_ID,TYPE_ID,FIRST_NAME,LAST_NAME) values (7281164,1,'NICOLE','DELACRUZ');
Insert into EDWARDORA.CLINIC (PERSON_ID,TYPE_ID,FIRST_NAME,LAST_NAME) values (862365,1,'james','isaac');
Insert into EDWARDORA.CLINIC (PERSON_ID,TYPE_ID,FIRST_NAME,LAST_NAME) values (13113,1,'james','isaac');
Insert into EDWARDORA.CLINIC (PERSON_ID,TYPE_ID,FIRST_NAME,LAST_NAME) values (991831,1,'MICHELLE','DELAFUENTE');
Insert into EDWARDORA.CLINIC (PERSON_ID,TYPE_ID,FIRST_NAME,LAST_NAME) values (312,2,'ADMIN','ADMIN');
Insert into EDWARDORA.CLINIC (PERSON_ID,TYPE_ID,FIRST_NAME,LAST_NAME) values (3112,2,'ELIZA','SOBERANO');
Insert into EDWARDORA.CLINIC (PERSON_ID,TYPE_ID,FIRST_NAME,LAST_NAME) values (24234,2,'ed','garcia');
REM INSERTING into EDWARDORA.INFORMATION
SET DEFINE OFF;
Insert into EDWARDORA.INFORMATION (PERSON_ID,GUARDIAN_ID,MOBILE_NO,GENDER,BIRTH_NATIONALITY,BIRTH_DATE,CITY,CAMPUS) values (331244,324235234,2222,'FEMALE','PHILIPPINES',to_date('02-SEP-98','DD-MON-RR'),'MAKATI','MU MKT');
Insert into EDWARDORA.INFORMATION (PERSON_ID,GUARDIAN_ID,MOBILE_NO,GENDER,BIRTH_NATIONALITY,BIRTH_DATE,CITY,CAMPUS) values (33433,3545,87000,'FEMALE','PHILIPPINES',to_date('16-JUN-98','DD-MON-RR'),'MANILA','MU INTRAMUROS');
Insert into EDWARDORA.INFORMATION (PERSON_ID,GUARDIAN_ID,MOBILE_NO,GENDER,BIRTH_NATIONALITY,BIRTH_DATE,CITY,CAMPUS) values (2015107159,200004,7777700,'FEMALE','PHILIPPINES',to_date('11-AUG-93','DD-MON-RR'),'MAKATI','MU MKT');
Insert into EDWARDORA.INFORMATION (PERSON_ID,GUARDIAN_ID,MOBILE_NO,GENDER,BIRTH_NATIONALITY,BIRTH_DATE,CITY,CAMPUS) values (2015106152,200005,5555500,'MALE','PHILIPPINES',to_date('12-APR-91','DD-MON-RR'),'MAKATI','MU MKT');
Insert into EDWARDORA.INFORMATION (PERSON_ID,GUARDIAN_ID,MOBILE_NO,GENDER,BIRTH_NATIONALITY,BIRTH_DATE,CITY,CAMPUS) values (2015111028,200006,8982389,'FEMALE','PHILIPPINES',to_date('13-FEB-94','DD-MON-RR'),'QUEZON','MU MKT');
Insert into EDWARDORA.INFORMATION (PERSON_ID,GUARDIAN_ID,MOBILE_NO,GENDER,BIRTH_NATIONALITY,BIRTH_DATE,CITY,CAMPUS) values (2015107415,200007,1234567,'MALE','PHILIPPINES',to_date('14-FEB-96','DD-MON-RR'),'QUEZON','MU MKT');
Insert into EDWARDORA.INFORMATION (PERSON_ID,GUARDIAN_ID,MOBILE_NO,GENDER,BIRTH_NATIONALITY,BIRTH_DATE,CITY,CAMPUS) values (2015151411,200008,3333333,'FEMALE','ARGENTINA',to_date('16-FEB-97','DD-MON-RR'),'TARLAC','MU MKT');
Insert into EDWARDORA.INFORMATION (PERSON_ID,GUARDIAN_ID,MOBILE_NO,GENDER,BIRTH_NATIONALITY,BIRTH_DATE,CITY,CAMPUS) values (2015111989,200009,3111111,'MALE','BELIEZE',to_date('23-APR-98','DD-MON-RR'),'MANILA','MU MKT');
Insert into EDWARDORA.INFORMATION (PERSON_ID,GUARDIAN_ID,MOBILE_NO,GENDER,BIRTH_NATIONALITY,BIRTH_DATE,CITY,CAMPUS) values (2015111963,200010,3111112,'MALE','BERMUDA',to_date('13-MAY-93','DD-MON-RR'),'MANILA','MU MKT');
Insert into EDWARDORA.INFORMATION (PERSON_ID,GUARDIAN_ID,MOBILE_NO,GENDER,BIRTH_NATIONALITY,BIRTH_DATE,CITY,CAMPUS) values (2015120485,200011,3535131,'MALE','BHUTAN',to_date('25-JUN-92','DD-MON-RR'),'MANILA','MU MKT');
Insert into EDWARDORA.INFORMATION (PERSON_ID,GUARDIAN_ID,MOBILE_NO,GENDER,BIRTH_NATIONALITY,BIRTH_DATE,CITY,CAMPUS) values (2015107654,200012,6566666,'MALE','BOLIVIA',to_date('22-NOV-94','DD-MON-RR'),'LAS PINAS','MU MKT');
Insert into EDWARDORA.INFORMATION (PERSON_ID,GUARDIAN_ID,MOBILE_NO,GENDER,BIRTH_NATIONALITY,BIRTH_DATE,CITY,CAMPUS) values (2015104643,200013,1111112,'MALE','KOSOVO',to_date('22-DEC-95','DD-MON-RR'),'MAKATI','MU MKT');
Insert into EDWARDORA.INFORMATION (PERSON_ID,GUARDIAN_ID,MOBILE_NO,GENDER,BIRTH_NATIONALITY,BIRTH_DATE,CITY,CAMPUS) values (2015112905,200014,3113131,'MALE','KENYA',to_date('22-DEC-96','DD-MON-RR'),'MAKATI','MU MKT');
Insert into EDWARDORA.INFORMATION (PERSON_ID,GUARDIAN_ID,MOBILE_NO,GENDER,BIRTH_NATIONALITY,BIRTH_DATE,CITY,CAMPUS) values (2015140237,200015,6666634,'MALE','NORTH KOREA',to_date('24-DEC-93','DD-MON-RR'),'MAKATI','MU MKT');
Insert into EDWARDORA.INFORMATION (PERSON_ID,GUARDIAN_ID,MOBILE_NO,GENDER,BIRTH_NATIONALITY,BIRTH_DATE,CITY,CAMPUS) values (2015111297,200016,3112121,'MALE','SOUTH KOREA',to_date('26-FEB-92','DD-MON-RR'),'MAKATI','MU MKT');
Insert into EDWARDORA.INFORMATION (PERSON_ID,GUARDIAN_ID,MOBILE_NO,GENDER,BIRTH_NATIONALITY,BIRTH_DATE,CITY,CAMPUS) values (2015170909,200017,3555555,'MALE','SOUTH KOREA',to_date('27-MAR-91','DD-MON-RR'),'MAKATI','MU MKT');
Insert into EDWARDORA.INFORMATION (PERSON_ID,GUARDIAN_ID,MOBILE_NO,GENDER,BIRTH_NATIONALITY,BIRTH_DATE,CITY,CAMPUS) values (2015111308,200018,3777777,'MALE','UNITED STATES',to_date('02-APR-96','DD-MON-RR'),'MAKATI','MU MKT');
Insert into EDWARDORA.INFORMATION (PERSON_ID,GUARDIAN_ID,MOBILE_NO,GENDER,BIRTH_NATIONALITY,BIRTH_DATE,CITY,CAMPUS) values (2015107941,200019,3454545,'MALE','PHILIPPINES',to_date('12-MAY-93','DD-MON-RR'),'MAKATI','MU MKT');
Insert into EDWARDORA.INFORMATION (PERSON_ID,GUARDIAN_ID,MOBILE_NO,GENDER,BIRTH_NATIONALITY,BIRTH_DATE,CITY,CAMPUS) values (2015110102,200020,3122111,'MALE','PANAMA',to_date('11-JUN-92','DD-MON-RR'),'LAS PINAS','MU MKT');
Insert into EDWARDORA.INFORMATION (PERSON_ID,GUARDIAN_ID,MOBILE_NO,GENDER,BIRTH_NATIONALITY,BIRTH_DATE,CITY,CAMPUS) values (2015107361,200021,8888888,'MALE','PAKISTAN',to_date('19-AUG-92','DD-MON-RR'),'MAKATI','MU MKT');
Insert into EDWARDORA.INFORMATION (PERSON_ID,GUARDIAN_ID,MOBILE_NO,GENDER,BIRTH_NATIONALITY,BIRTH_DATE,CITY,CAMPUS) values (10000000,200022,1236789,'MALE','PHILIPPINES',to_date('18-SEP-88','DD-MON-RR'),'MANILA','MU MKT');
Insert into EDWARDORA.INFORMATION (PERSON_ID,GUARDIAN_ID,MOBILE_NO,GENDER,BIRTH_NATIONALITY,BIRTH_DATE,CITY,CAMPUS) values (10000001,200023,1212145,'MALE','UGANDA',to_date('17-MAR-87','DD-MON-RR'),'BOHOL','MU MKT');
Insert into EDWARDORA.INFORMATION (PERSON_ID,GUARDIAN_ID,MOBILE_NO,GENDER,BIRTH_NATIONALITY,BIRTH_DATE,CITY,CAMPUS) values (10000002,200024,3131466,'MALE','EGYPT',to_date('16-OCT-87','DD-MON-RR'),'BOHOL','MU MKT');
Insert into EDWARDORA.INFORMATION (PERSON_ID,GUARDIAN_ID,MOBILE_NO,GENDER,BIRTH_NATIONALITY,BIRTH_DATE,CITY,CAMPUS) values (10000003,200025,6666644,'MALE','SINGAPORE',to_date('12-JUL-87','DD-MON-RR'),'VIGAN','MU MKT');
Insert into EDWARDORA.INFORMATION (PERSON_ID,GUARDIAN_ID,MOBILE_NO,GENDER,BIRTH_NATIONALITY,BIRTH_DATE,CITY,CAMPUS) values (10000005,200027,1256745,'MALE','PHILIPPINES',to_date('02-MAY-88','DD-MON-RR'),'LAOAG','MU MKT');
Insert into EDWARDORA.INFORMATION (PERSON_ID,GUARDIAN_ID,MOBILE_NO,GENDER,BIRTH_NATIONALITY,BIRTH_DATE,CITY,CAMPUS) values (10000006,200028,8685656,'MALE','PHILIPPINES',to_date('02-FEB-89','DD-MON-RR'),'SAN FERNANDO','MU MKT');
Insert into EDWARDORA.INFORMATION (PERSON_ID,GUARDIAN_ID,MOBILE_NO,GENDER,BIRTH_NATIONALITY,BIRTH_DATE,CITY,CAMPUS) values (10000007,200029,2121211,'MALE','PHILIPPINES',to_date('02-SEP-90','DD-MON-RR'),'SAMAL','MU MKT');
Insert into EDWARDORA.INFORMATION (PERSON_ID,GUARDIAN_ID,MOBILE_NO,GENDER,BIRTH_NATIONALITY,BIRTH_DATE,CITY,CAMPUS) values (10000008,200030,1818118,'MALE','PHILIPPINES',to_date('15-JAN-76','DD-MON-RR'),'BATAAN','MU MKT');
Insert into EDWARDORA.INFORMATION (PERSON_ID,GUARDIAN_ID,MOBILE_NO,GENDER,BIRTH_NATIONALITY,BIRTH_DATE,CITY,CAMPUS) values (10000009,200031,3313177,'MALE','PHILIPPINES',to_date('17-FEB-65','DD-MON-RR'),'MAKATI','MU MKT');
Insert into EDWARDORA.INFORMATION (PERSON_ID,GUARDIAN_ID,MOBILE_NO,GENDER,BIRTH_NATIONALITY,BIRTH_DATE,CITY,CAMPUS) values (10000010,200032,9990999,'MALE','TURKEY',to_date('24-MAR-87','DD-MON-RR'),'MAKATI','MU MKT');
Insert into EDWARDORA.INFORMATION (PERSON_ID,GUARDIAN_ID,MOBILE_NO,GENDER,BIRTH_NATIONALITY,BIRTH_DATE,CITY,CAMPUS) values (10000011,200033,4232322,'MALE','PHILIPPINES',to_date('26-APR-87','DD-MON-RR'),'MANILA','MU MKT');
Insert into EDWARDORA.INFORMATION (PERSON_ID,GUARDIAN_ID,MOBILE_NO,GENDER,BIRTH_NATIONALITY,BIRTH_DATE,CITY,CAMPUS) values (20000000,200034,6663434,'MALE','PHILIPPINES',to_date('02-MAY-89','DD-MON-RR'),'MAKATI','MU MKT');
Insert into EDWARDORA.INFORMATION (PERSON_ID,GUARDIAN_ID,MOBILE_NO,GENDER,BIRTH_NATIONALITY,BIRTH_DATE,CITY,CAMPUS) values (20000001,200035,4223444,'MALE','YEMEN',to_date('02-JUN-67','DD-MON-RR'),'MANILA','MU MKT');
Insert into EDWARDORA.INFORMATION (PERSON_ID,GUARDIAN_ID,MOBILE_NO,GENDER,BIRTH_NATIONALITY,BIRTH_DATE,CITY,CAMPUS) values (20000002,200036,6534343,'MALE','PHILIPPINES',to_date('23-JUL-77','DD-MON-RR'),'MAKATI','MU MKT');
Insert into EDWARDORA.INFORMATION (PERSON_ID,GUARDIAN_ID,MOBILE_NO,GENDER,BIRTH_NATIONALITY,BIRTH_DATE,CITY,CAMPUS) values (20000003,200037,6547474,'MALE','PHILIPPINES',to_date('25-SEP-77','DD-MON-RR'),'MANILA','MU MKT');
Insert into EDWARDORA.INFORMATION (PERSON_ID,GUARDIAN_ID,MOBILE_NO,GENDER,BIRTH_NATIONALITY,BIRTH_DATE,CITY,CAMPUS) values (20000004,200038,3464752,'MALE','PHILIPPINES',to_date('25-JAN-77','DD-MON-RR'),'MAKATI','MU MKT');
Insert into EDWARDORA.INFORMATION (PERSON_ID,GUARDIAN_ID,MOBILE_NO,GENDER,BIRTH_NATIONALITY,BIRTH_DATE,CITY,CAMPUS) values (20000005,200039,3536342,'MALE','JORDAN',to_date('02-DEC-76','DD-MON-RR'),'MAKATI','MU MKT');
Insert into EDWARDORA.INFORMATION (PERSON_ID,GUARDIAN_ID,MOBILE_NO,GENDER,BIRTH_NATIONALITY,BIRTH_DATE,CITY,CAMPUS) values (20000006,200040,6456453,'MALE','JAPAN',to_date('17-NOV-55','DD-MON-RR'),'MAKATI','MU MKT');
Insert into EDWARDORA.INFORMATION (PERSON_ID,GUARDIAN_ID,MOBILE_NO,GENDER,BIRTH_NATIONALITY,BIRTH_DATE,CITY,CAMPUS) values (20000007,200041,6544574,'MALE','PHILIPPINES',to_date('02-SEP-77','DD-MON-RR'),'MAKATI','MU MKT');
Insert into EDWARDORA.INFORMATION (PERSON_ID,GUARDIAN_ID,MOBILE_NO,GENDER,BIRTH_NATIONALITY,BIRTH_DATE,CITY,CAMPUS) values (20000008,200042,3534544,'MALE','AUSTRALIA',to_date('02-AUG-56','DD-MON-RR'),'MAKATI','MU MKT');
Insert into EDWARDORA.INFORMATION (PERSON_ID,GUARDIAN_ID,MOBILE_NO,GENDER,BIRTH_NATIONALITY,BIRTH_DATE,CITY,CAMPUS) values (2214,4353535,2222,'FEMALE','PHILIPPINES',to_date('02-SEP-98','DD-MON-RR'),'MAKATI','MU MKT');
Insert into EDWARDORA.INFORMATION (PERSON_ID,GUARDIAN_ID,MOBILE_NO,GENDER,BIRTH_NATIONALITY,BIRTH_DATE,CITY,CAMPUS) values (31111111,44413,99933121,'MALE','FILIPINO',to_date('02-SEP-93','DD-MON-RR'),'MAKATI','MU INTRAMUROS');
Insert into EDWARDORA.INFORMATION (PERSON_ID,GUARDIAN_ID,MOBILE_NO,GENDER,BIRTH_NATIONALITY,BIRTH_DATE,CITY,CAMPUS) values (12345678,63453434,63453434,'FEMALE','filipino',to_date('21-JUN-01','DD-MON-RR'),'MANILA','MU INTRAMUROS');
Insert into EDWARDORA.INFORMATION (PERSON_ID,GUARDIAN_ID,MOBILE_NO,GENDER,BIRTH_NATIONALITY,BIRTH_DATE,CITY,CAMPUS) values (313132,131323,31313,'FEMALE','fwefwesf',to_date('12-JUN-18','DD-MON-RR'),'weqweq','MU INTRAMUROS');
Insert into EDWARDORA.INFORMATION (PERSON_ID,GUARDIAN_ID,MOBILE_NO,GENDER,BIRTH_NATIONALITY,BIRTH_DATE,CITY,CAMPUS) values (2,331,2,'FEMALE','2',to_date('10-JUN-18','DD-MON-RR'),'2','MU INTRAMUROS');
Insert into EDWARDORA.INFORMATION (PERSON_ID,GUARDIAN_ID,MOBILE_NO,GENDER,BIRTH_NATIONALITY,BIRTH_DATE,CITY,CAMPUS) values (56757745131,56757745131,56757745131,'FEMALE','56757745131',to_date('02-MAR-98','DD-MON-RR'),'56757745131','MU MAKATI');
Insert into EDWARDORA.INFORMATION (PERSON_ID,GUARDIAN_ID,MOBILE_NO,GENDER,BIRTH_NATIONALITY,BIRTH_DATE,CITY,CAMPUS) values (1414466,1414466,212134,'MALE','FILIPINO',to_date('02-SEP-98','DD-MON-RR'),'MAKATI','MU INTRAMUROS');
Insert into EDWARDORA.INFORMATION (PERSON_ID,GUARDIAN_ID,MOBILE_NO,GENDER,BIRTH_NATIONALITY,BIRTH_DATE,CITY,CAMPUS) values (2425,2425,212134,'MALE','FILIPINO',to_date('03-FEB-98','DD-MON-RR'),'MAKATI','MU INTRAMUROS');
Insert into EDWARDORA.INFORMATION (PERSON_ID,GUARDIAN_ID,MOBILE_NO,GENDER,BIRTH_NATIONALITY,BIRTH_DATE,CITY,CAMPUS) values (2426,2426,212134,'MALE','FILIPINO',to_date('03-FEB-98','DD-MON-RR'),'MAKATI','MU INTRAMUROS');
Insert into EDWARDORA.INFORMATION (PERSON_ID,GUARDIAN_ID,MOBILE_NO,GENDER,BIRTH_NATIONALITY,BIRTH_DATE,CITY,CAMPUS) values (2427,2427,212134,'MALE','FILIPINO',to_date('03-FEB-98','DD-MON-RR'),'MAKATI','MU INTRAMUROS');
Insert into EDWARDORA.INFORMATION (PERSON_ID,GUARDIAN_ID,MOBILE_NO,GENDER,BIRTH_NATIONALITY,BIRTH_DATE,CITY,CAMPUS) values (42353,42353,212134,'MALE','FILIPINO',to_date('19-SEP-07','DD-MON-RR'),'MAKATI','MU INTRAMUROS');
Insert into EDWARDORA.INFORMATION (PERSON_ID,GUARDIAN_ID,MOBILE_NO,GENDER,BIRTH_NATIONALITY,BIRTH_DATE,CITY,CAMPUS) values (42352,42352,212134,'MALE','FILIPINO',to_date('19-JUN-07','DD-MON-RR'),'MAKATI','MU INTRAMUROS');
Insert into EDWARDORA.INFORMATION (PERSON_ID,GUARDIAN_ID,MOBILE_NO,GENDER,BIRTH_NATIONALITY,BIRTH_DATE,CITY,CAMPUS) values (60601,60601,60601,'MALE','60601',to_date('01-FEB-98','DD-MON-RR'),'60601','MU MAKATI');
Insert into EDWARDORA.INFORMATION (PERSON_ID,GUARDIAN_ID,MOBILE_NO,GENDER,BIRTH_NATIONALITY,BIRTH_DATE,CITY,CAMPUS) values (60602,60602,60602,'MALE','60602',to_date('02-JAN-98','DD-MON-RR'),'60602','MU MAKATI');
Insert into EDWARDORA.INFORMATION (PERSON_ID,GUARDIAN_ID,MOBILE_NO,GENDER,BIRTH_NATIONALITY,BIRTH_DATE,CITY,CAMPUS) values (60603,60603,60603,'MALE','60603',to_date('02-JAN-98','DD-MON-RR'),'60603','MU MAKATI');
Insert into EDWARDORA.INFORMATION (PERSON_ID,GUARDIAN_ID,MOBILE_NO,GENDER,BIRTH_NATIONALITY,BIRTH_DATE,CITY,CAMPUS) values (60604,60604,60604,'MALE','60604',to_date('19-JUN-18','DD-MON-RR'),'60604','MU MAKATI');
Insert into EDWARDORA.INFORMATION (PERSON_ID,GUARDIAN_ID,MOBILE_NO,GENDER,BIRTH_NATIONALITY,BIRTH_DATE,CITY,CAMPUS) values (60605,60605,60605,'MALE','60605',to_date('19-JUN-18','DD-MON-RR'),'60605','MU MAKATI');
Insert into EDWARDORA.INFORMATION (PERSON_ID,GUARDIAN_ID,MOBILE_NO,GENDER,BIRTH_NATIONALITY,BIRTH_DATE,CITY,CAMPUS) values (1246,1246,1246,'MALE','1246',to_date('19-JUN-18','DD-MON-RR'),'1246','MU MAKATI');
Insert into EDWARDORA.INFORMATION (PERSON_ID,GUARDIAN_ID,MOBILE_NO,GENDER,BIRTH_NATIONALITY,BIRTH_DATE,CITY,CAMPUS) values (12567,12567,12567,'FEMALE','JAPANESE',to_date('04-JUN-08','DD-MON-RR'),'MANILA','MU INTRAMUROS');
Insert into EDWARDORA.INFORMATION (PERSON_ID,GUARDIAN_ID,MOBILE_NO,GENDER,BIRTH_NATIONALITY,BIRTH_DATE,CITY,CAMPUS) values (12578,434234,862369111111,'FEMALE','filipino',to_date('19-JUL-97','DD-MON-RR'),'quezon','MU INTRAMUROS');
Insert into EDWARDORA.INFORMATION (PERSON_ID,GUARDIAN_ID,MOBILE_NO,GENDER,BIRTH_NATIONALITY,BIRTH_DATE,CITY,CAMPUS) values (4235,4235,4235,'FEMALE','4235',to_date('19-JUN-18','DD-MON-RR'),'4235','MU INTRAMUROS');
Insert into EDWARDORA.INFORMATION (PERSON_ID,GUARDIAN_ID,MOBILE_NO,GENDER,BIRTH_NATIONALITY,BIRTH_DATE,CITY,CAMPUS) values (4444,42221,912122,'FEMALE','PHILIPPINES',to_date('23-JUN-95','DD-MON-RR'),'MAKATI','MU INTRAMUROS');
Insert into EDWARDORA.INFORMATION (PERSON_ID,GUARDIAN_ID,MOBILE_NO,GENDER,BIRTH_NATIONALITY,BIRTH_DATE,CITY,CAMPUS) values (12134556,12134556,12134556,'FEMALE','12134556',to_date('02-SEP-98','DD-MON-RR'),'12134556','12134556');
Insert into EDWARDORA.INFORMATION (PERSON_ID,GUARDIAN_ID,MOBILE_NO,GENDER,BIRTH_NATIONALITY,BIRTH_DATE,CITY,CAMPUS) values (121345561,121345561,12134556,'MALE','12134556',to_date('02-SEP-98','DD-MON-RR'),'12134556','12134556');
Insert into EDWARDORA.INFORMATION (PERSON_ID,GUARDIAN_ID,MOBILE_NO,GENDER,BIRTH_NATIONALITY,BIRTH_DATE,CITY,CAMPUS) values (1000331,1000331,1000331,'FEMALE','1000331',to_date('17-JUN-86','DD-MON-RR'),'1000331','MU INTRAMUROS');
Insert into EDWARDORA.INFORMATION (PERSON_ID,GUARDIAN_ID,MOBILE_NO,GENDER,BIRTH_NATIONALITY,BIRTH_DATE,CITY,CAMPUS) values (1121237,88912,42352,'MALE','Filipino',to_date('02-SEP-98','DD-MON-RR'),'Makati','MUMKT');
Insert into EDWARDORA.INFORMATION (PERSON_ID,GUARDIAN_ID,MOBILE_NO,GENDER,BIRTH_NATIONALITY,BIRTH_DATE,CITY,CAMPUS) values (7281164,121245,44235,'FEMALE','AMERICAN',to_date('04-MAR-97','DD-MON-RR'),'MAKATI','MU MKT');
Insert into EDWARDORA.INFORMATION (PERSON_ID,GUARDIAN_ID,MOBILE_NO,GENDER,BIRTH_NATIONALITY,BIRTH_DATE,CITY,CAMPUS) values (862365,2526311,23534634,'MALE','americano',to_date('05-MAR-97','DD-MON-RR'),'manila','mu mkt');
Insert into EDWARDORA.INFORMATION (PERSON_ID,GUARDIAN_ID,MOBILE_NO,GENDER,BIRTH_NATIONALITY,BIRTH_DATE,CITY,CAMPUS) values (13113,3133,23534634,'FEMALE','americano',to_date('05-MAR-97','DD-MON-RR'),'manila','mu mkt');
Insert into EDWARDORA.INFORMATION (PERSON_ID,GUARDIAN_ID,MOBILE_NO,GENDER,BIRTH_NATIONALITY,BIRTH_DATE,CITY,CAMPUS) values (991831,98765567,9219188888,'FEMALE','AFRICAN',to_date('01-FEB-96','DD-MON-RR'),'QUEZON','MU INTRAMUROS');
Insert into EDWARDORA.INFORMATION (PERSON_ID,GUARDIAN_ID,MOBILE_NO,GENDER,BIRTH_NATIONALITY,BIRTH_DATE,CITY,CAMPUS) values (312,3313,9219156221,'MALE','PINOY TESTINGq',to_date('02-FEB-98','DD-MON-RR'),'MAKATI','MU MKT');
Insert into EDWARDORA.INFORMATION (PERSON_ID,GUARDIAN_ID,MOBILE_NO,GENDER,BIRTH_NATIONALITY,BIRTH_DATE,CITY,CAMPUS) values (3112,31245,12323,'FEMALE','DDD',to_date('06-JUN-18','DD-MON-RR'),'AAA','MU INTRAMUROS');
Insert into EDWARDORA.INFORMATION (PERSON_ID,GUARDIAN_ID,MOBILE_NO,GENDER,BIRTH_NATIONALITY,BIRTH_DATE,CITY,CAMPUS) values (24234,76535,3434345,'FEMALE','FILIPINO',to_date('25-JUN-97','DD-MON-RR'),'MAKATI','MU INTRAMUROS');
REM INSERTING into EDWARDORA.GUARDIAN
SET DEFINE OFF;
Insert into EDWARDORA.GUARDIAN (GUARDIAN_ID,FIRST_NAME,LAST_NAME,MOBILE_NO,RELATION) values (324235234,'EDWIN','GARCIA',12345777,'FATHER');
Insert into EDWARDORA.GUARDIAN (GUARDIAN_ID,FIRST_NAME,LAST_NAME,MOBILE_NO,RELATION) values (4353535,'EDWIN','GARCIA',12345777,'FATHER');
Insert into EDWARDORA.GUARDIAN (GUARDIAN_ID,FIRST_NAME,LAST_NAME,MOBILE_NO,RELATION) values (44413,'GEORGE','OF OATH',2132424241,'FATHER');
Insert into EDWARDORA.GUARDIAN (GUARDIAN_ID,FIRST_NAME,LAST_NAME,MOBILE_NO,RELATION) values (63453434,'ddagdgf','erfherd',63453434,'SISTER');
Insert into EDWARDORA.GUARDIAN (GUARDIAN_ID,FIRST_NAME,LAST_NAME,MOBILE_NO,RELATION) values (131323,'sdfs','dsfsdf',313,'BROTHER');
Insert into EDWARDORA.GUARDIAN (GUARDIAN_ID,FIRST_NAME,LAST_NAME,MOBILE_NO,RELATION) values (331,'2','2',2,'BROTHER');
Insert into EDWARDORA.GUARDIAN (GUARDIAN_ID,FIRST_NAME,LAST_NAME,MOBILE_NO,RELATION) values (3545,'ABCDE','DEWEY',86236,'FATHER');
Insert into EDWARDORA.GUARDIAN (GUARDIAN_ID,FIRST_NAME,LAST_NAME,MOBILE_NO,RELATION) values (56757745131,'56757745131','56757745131',56757745131,'56757745131');
Insert into EDWARDORA.GUARDIAN (GUARDIAN_ID,FIRST_NAME,LAST_NAME,MOBILE_NO,RELATION) values (1414466,'MUMU','MOMO',2121212,'FATHER');
Insert into EDWARDORA.GUARDIAN (GUARDIAN_ID,FIRST_NAME,LAST_NAME,MOBILE_NO,RELATION) values (2425,'MUMU','MOMO',2121212,'FATHER');
Insert into EDWARDORA.GUARDIAN (GUARDIAN_ID,FIRST_NAME,LAST_NAME,MOBILE_NO,RELATION) values (2426,'MUMU','MOMO',2121212,'FATHER');
Insert into EDWARDORA.GUARDIAN (GUARDIAN_ID,FIRST_NAME,LAST_NAME,MOBILE_NO,RELATION) values (2427,'MUMU','MOMO',2121212,'FATHER');
Insert into EDWARDORA.GUARDIAN (GUARDIAN_ID,FIRST_NAME,LAST_NAME,MOBILE_NO,RELATION) values (42353,'MUMU','MOMO',2121212,'FATHER');
Insert into EDWARDORA.GUARDIAN (GUARDIAN_ID,FIRST_NAME,LAST_NAME,MOBILE_NO,RELATION) values (42352,'MUMU','MOMO',2121212,'FATHER');
Insert into EDWARDORA.GUARDIAN (GUARDIAN_ID,FIRST_NAME,LAST_NAME,MOBILE_NO,RELATION) values (60601,'60601','60601',60601,'60601');
Insert into EDWARDORA.GUARDIAN (GUARDIAN_ID,FIRST_NAME,LAST_NAME,MOBILE_NO,RELATION) values (60602,'60602','60602',60602,'60602');
Insert into EDWARDORA.GUARDIAN (GUARDIAN_ID,FIRST_NAME,LAST_NAME,MOBILE_NO,RELATION) values (60603,'60603','60603',60603,'60603');
Insert into EDWARDORA.GUARDIAN (GUARDIAN_ID,FIRST_NAME,LAST_NAME,MOBILE_NO,RELATION) values (60604,'60604','60604',60604,'60604');
Insert into EDWARDORA.GUARDIAN (GUARDIAN_ID,FIRST_NAME,LAST_NAME,MOBILE_NO,RELATION) values (60605,'60605','60605',60605,'60605');
Insert into EDWARDORA.GUARDIAN (GUARDIAN_ID,FIRST_NAME,LAST_NAME,MOBILE_NO,RELATION) values (1246,'1246','124605',1246,'1246');
Insert into EDWARDORA.GUARDIAN (GUARDIAN_ID,FIRST_NAME,LAST_NAME,MOBILE_NO,RELATION) values (12567,'MICHAEL','12567',12567,'GUARDIAN');
Insert into EDWARDORA.GUARDIAN (GUARDIAN_ID,FIRST_NAME,LAST_NAME,MOBILE_NO,RELATION) values (434234,'lucifer','devil',86236911111,'father');
Insert into EDWARDORA.GUARDIAN (GUARDIAN_ID,FIRST_NAME,LAST_NAME,MOBILE_NO,RELATION) values (4235,'4235','4235',4235,'SISTER');
Insert into EDWARDORA.GUARDIAN (GUARDIAN_ID,FIRST_NAME,LAST_NAME,MOBILE_NO,RELATION) values (42221,'ENRIQUE','GIL',422412,'SISTER');
Insert into EDWARDORA.GUARDIAN (GUARDIAN_ID,FIRST_NAME,LAST_NAME,MOBILE_NO,RELATION) values (12134556,'12134556','12134556',12134556,'12134556');
Insert into EDWARDORA.GUARDIAN (GUARDIAN_ID,FIRST_NAME,LAST_NAME,MOBILE_NO,RELATION) values (121345561,'12134556','12134556',12134556,'12134556');
Insert into EDWARDORA.GUARDIAN (GUARDIAN_ID,FIRST_NAME,LAST_NAME,MOBILE_NO,RELATION) values (1000331,'1000331','1000331',1000331,'GUARDIAN');
Insert into EDWARDORA.GUARDIAN (GUARDIAN_ID,FIRST_NAME,LAST_NAME,MOBILE_NO,RELATION) values (2526311,'kf','lo',12425,'father');
Insert into EDWARDORA.GUARDIAN (GUARDIAN_ID,FIRST_NAME,LAST_NAME,MOBILE_NO,RELATION) values (88912,'Ed','Gar',902942,'Father');
Insert into EDWARDORA.GUARDIAN (GUARDIAN_ID,FIRST_NAME,LAST_NAME,MOBILE_NO,RELATION) values (121245,'JEJE','MON',923214,'FATHER');
Insert into EDWARDORA.GUARDIAN (GUARDIAN_ID,FIRST_NAME,LAST_NAME,MOBILE_NO,RELATION) values (3133,'kf','lo',12425,'father');
Insert into EDWARDORA.GUARDIAN (GUARDIAN_ID,FIRST_NAME,LAST_NAME,MOBILE_NO,RELATION) values (98765567,'RE','FADAH',12123,'MODAH');
Insert into EDWARDORA.GUARDIAN (GUARDIAN_ID,FIRST_NAME,LAST_NAME,MOBILE_NO,RELATION) values (200004,'SAKURA','TUBALLA',9219156224,'SISTER');
Insert into EDWARDORA.GUARDIAN (GUARDIAN_ID,FIRST_NAME,LAST_NAME,MOBILE_NO,RELATION) values (200005,'EMILIA','MENDOZA',25,'MOTHER');
Insert into EDWARDORA.GUARDIAN (GUARDIAN_ID,FIRST_NAME,LAST_NAME,MOBILE_NO,RELATION) values (200006,'MICHAEL','DOLLETE',9219156226,'FATHER');
Insert into EDWARDORA.GUARDIAN (GUARDIAN_ID,FIRST_NAME,LAST_NAME,MOBILE_NO,RELATION) values (200007,'NICOLE','BAHIA',9219156227,'MOTHER');
Insert into EDWARDORA.GUARDIAN (GUARDIAN_ID,FIRST_NAME,LAST_NAME,MOBILE_NO,RELATION) values (200008,'CHARMAINE','HEQUIBAL',9219156228,'MOTHER');
Insert into EDWARDORA.GUARDIAN (GUARDIAN_ID,FIRST_NAME,LAST_NAME,MOBILE_NO,RELATION) values (200009,'LANI','GAPASANGRA',9219156229,'AUNT');
Insert into EDWARDORA.GUARDIAN (GUARDIAN_ID,FIRST_NAME,LAST_NAME,MOBILE_NO,RELATION) values (200010,'JEREMIAH','CARLOS',9219156230,'FATHER');
Insert into EDWARDORA.GUARDIAN (GUARDIAN_ID,FIRST_NAME,LAST_NAME,MOBILE_NO,RELATION) values (200011,'LUZVIMINDA','REYES',9777891000,'FATHER');
Insert into EDWARDORA.GUARDIAN (GUARDIAN_ID,FIRST_NAME,LAST_NAME,MOBILE_NO,RELATION) values (200012,'CHARLOTTE','DIAZ',9777891001,'MOTHER');
Insert into EDWARDORA.GUARDIAN (GUARDIAN_ID,FIRST_NAME,LAST_NAME,MOBILE_NO,RELATION) values (200013,'HINATA','NONO',9777891002,'MOTHER');
Insert into EDWARDORA.GUARDIAN (GUARDIAN_ID,FIRST_NAME,LAST_NAME,MOBILE_NO,RELATION) values (200014,'INO','FLORES',9777891003,'MOTHER');
Insert into EDWARDORA.GUARDIAN (GUARDIAN_ID,FIRST_NAME,LAST_NAME,MOBILE_NO,RELATION) values (200015,'LOVE','LABO',9777891004,'SITER');
Insert into EDWARDORA.GUARDIAN (GUARDIAN_ID,FIRST_NAME,LAST_NAME,MOBILE_NO,RELATION) values (200016,'MITCH','VIVERO',9777891005,'MOTHER');
Insert into EDWARDORA.GUARDIAN (GUARDIAN_ID,FIRST_NAME,LAST_NAME,MOBILE_NO,RELATION) values (200017,'ANGEL','GAZMIN',9777891006,'MOTHER');
Insert into EDWARDORA.GUARDIAN (GUARDIAN_ID,FIRST_NAME,LAST_NAME,MOBILE_NO,RELATION) values (200018,'ANGELINE','CARANDANG',9777891007,'MOTHER');
Insert into EDWARDORA.GUARDIAN (GUARDIAN_ID,FIRST_NAME,LAST_NAME,MOBILE_NO,RELATION) values (200019,'ANGELINA','GRAN',9777891008,'MOTHER');
Insert into EDWARDORA.GUARDIAN (GUARDIAN_ID,FIRST_NAME,LAST_NAME,MOBILE_NO,RELATION) values (200020,'ANGELICA','OMAOENG',9777891009,'MOTHER');
Insert into EDWARDORA.GUARDIAN (GUARDIAN_ID,FIRST_NAME,LAST_NAME,MOBILE_NO,RELATION) values (200021,'JECA','SAMBILE',9777891010,'MOTHER');
Insert into EDWARDORA.GUARDIAN (GUARDIAN_ID,FIRST_NAME,LAST_NAME,MOBILE_NO,RELATION) values (200022,'MICHAEL','SHAHARKIZ',987654321,'FATHER');
Insert into EDWARDORA.GUARDIAN (GUARDIAN_ID,FIRST_NAME,LAST_NAME,MOBILE_NO,RELATION) values (200023,'SARAH','BLANCAFLOR',9777891012,'MOTHER');
Insert into EDWARDORA.GUARDIAN (GUARDIAN_ID,FIRST_NAME,LAST_NAME,MOBILE_NO,RELATION) values (200024,'REGINE','DE GOMA',9777891013,'MOTHER');
Insert into EDWARDORA.GUARDIAN (GUARDIAN_ID,FIRST_NAME,LAST_NAME,MOBILE_NO,RELATION) values (200025,'CHARICE','PYRAMID',9777891014,'MOTHER');
Insert into EDWARDORA.GUARDIAN (GUARDIAN_ID,FIRST_NAME,LAST_NAME,MOBILE_NO,RELATION) values (200027,'MIHO','LLESOL',9777891016,'MOTHER');
Insert into EDWARDORA.GUARDIAN (GUARDIAN_ID,FIRST_NAME,LAST_NAME,MOBILE_NO,RELATION) values (200028,'MAHO','SAMONTE',9777891017,'MOTHER');
Insert into EDWARDORA.GUARDIAN (GUARDIAN_ID,FIRST_NAME,LAST_NAME,MOBILE_NO,RELATION) values (200029,'YUKARI','SERRANO',9777891018,'MOTHER');
Insert into EDWARDORA.GUARDIAN (GUARDIAN_ID,FIRST_NAME,LAST_NAME,MOBILE_NO,RELATION) values (200030,'HANA','VEA',9777891019,'MOTHER');
Insert into EDWARDORA.GUARDIAN (GUARDIAN_ID,FIRST_NAME,LAST_NAME,MOBILE_NO,RELATION) values (200031,'ANZU','TOMAS',9777891020,'MOTHER');
Insert into EDWARDORA.GUARDIAN (GUARDIAN_ID,FIRST_NAME,LAST_NAME,MOBILE_NO,RELATION) values (200032,'YUZU','REY',9777891021,'SISER');
Insert into EDWARDORA.GUARDIAN (GUARDIAN_ID,FIRST_NAME,LAST_NAME,MOBILE_NO,RELATION) values (200033,'AZUSA','MARAYAG',9777891022,'MOTHER');
Insert into EDWARDORA.GUARDIAN (GUARDIAN_ID,FIRST_NAME,LAST_NAME,MOBILE_NO,RELATION) values (200034,'LEE','CORTEZ',9777891023,'AUNT');
Insert into EDWARDORA.GUARDIAN (GUARDIAN_ID,FIRST_NAME,LAST_NAME,MOBILE_NO,RELATION) values (200035,'ASHE','REYNALDO',9777891024,'MOTHER');
Insert into EDWARDORA.GUARDIAN (GUARDIAN_ID,FIRST_NAME,LAST_NAME,MOBILE_NO,RELATION) values (200036,'VIKTOR','PATANI',9777891025,'BROTHER');
Insert into EDWARDORA.GUARDIAN (GUARDIAN_ID,FIRST_NAME,LAST_NAME,MOBILE_NO,RELATION) values (200037,'BLITZ','YUZON',9777891026,'MOTHER');
Insert into EDWARDORA.GUARDIAN (GUARDIAN_ID,FIRST_NAME,LAST_NAME,MOBILE_NO,RELATION) values (200038,'EVELYN','TRINIDAD',9777891027,'SISTER');
Insert into EDWARDORA.GUARDIAN (GUARDIAN_ID,FIRST_NAME,LAST_NAME,MOBILE_NO,RELATION) values (200039,'YI','ACIO',9777891028,'MOTHER');
Insert into EDWARDORA.GUARDIAN (GUARDIAN_ID,FIRST_NAME,LAST_NAME,MOBILE_NO,RELATION) values (200040,'RICO','AMBAYEC',9777891029,'MOTHER');
Insert into EDWARDORA.GUARDIAN (GUARDIAN_ID,FIRST_NAME,LAST_NAME,MOBILE_NO,RELATION) values (200041,'RIKO','CZARINA',9777891030,'MOTHER');
Insert into EDWARDORA.GUARDIAN (GUARDIAN_ID,FIRST_NAME,LAST_NAME,MOBILE_NO,RELATION) values (200042,'LALA','MACATANGAY',9777891031,'MOTHER');
Insert into EDWARDORA.GUARDIAN (GUARDIAN_ID,FIRST_NAME,LAST_NAME,MOBILE_NO,RELATION) values (31245,'FDSF','SDFERS',1313,'BROTHER');
Insert into EDWARDORA.GUARDIAN (GUARDIAN_ID,FIRST_NAME,LAST_NAME,MOBILE_NO,RELATION) values (76535,'EWRW','DFDSF',42522,'SISTER');
REM INSERTING into EDWARDORA.FAMILYHISTORY
SET DEFINE OFF;
Insert into EDWARDORA.FAMILYHISTORY (RELATION,PERSON_ID,LAST_NAME,FIRST_NAME,ILLNESS) values ('SISTER',33433,'ADSARE','ERDF','ASTMHA');
Insert into EDWARDORA.FAMILYHISTORY (RELATION,PERSON_ID,LAST_NAME,FIRST_NAME,ILLNESS) values ('FATHER',2015140237,'JOJO','LOLO','MUMU');
Insert into EDWARDORA.FAMILYHISTORY (RELATION,PERSON_ID,LAST_NAME,FIRST_NAME,ILLNESS) values ('FATHER',2015140237,'JOJO','LOLO','MUMU');
Insert into EDWARDORA.FAMILYHISTORY (RELATION,PERSON_ID,LAST_NAME,FIRST_NAME,ILLNESS) values ('FATHER',33433,'A','B','C');
Insert into EDWARDORA.FAMILYHISTORY (RELATION,PERSON_ID,LAST_NAME,FIRST_NAME,ILLNESS) values ('SISTER',2015107159,'TUBALLA','MIRAJANE','ASTMHA');
Insert into EDWARDORA.FAMILYHISTORY (RELATION,PERSON_ID,LAST_NAME,FIRST_NAME,ILLNESS) values ('SISTER',2015140237,'LABO','LABA','ASTMHA');
Insert into EDWARDORA.FAMILYHISTORY (RELATION,PERSON_ID,LAST_NAME,FIRST_NAME,ILLNESS) values ('BROTHER',2015140237,'LABO','LOBO','ASTMHA');
Insert into EDWARDORA.FAMILYHISTORY (RELATION,PERSON_ID,LAST_NAME,FIRST_NAME,ILLNESS) values ('FATHER',2015140237,'LABO','PAPA','HYPERTENSION');
Insert into EDWARDORA.FAMILYHISTORY (RELATION,PERSON_ID,LAST_NAME,FIRST_NAME,ILLNESS) values ('MOTHER',2015140237,'LABO','MAMA','STROKE');
Insert into EDWARDORA.FAMILYHISTORY (RELATION,PERSON_ID,LAST_NAME,FIRST_NAME,ILLNESS) values ('SISTER',2015110102,'OMAOENG','OMA','HYPERTENSION');
Insert into EDWARDORA.FAMILYHISTORY (RELATION,PERSON_ID,LAST_NAME,FIRST_NAME,ILLNESS) values ('SISTER',2015110102,'OMAOENG','EMA','HYPERTENSION');
Insert into EDWARDORA.FAMILYHISTORY (RELATION,PERSON_ID,LAST_NAME,FIRST_NAME,ILLNESS) values ('MOTHER',2015110102,'OMAOENG','ANGEL','HYPERTENSION');
Insert into EDWARDORA.FAMILYHISTORY (RELATION,PERSON_ID,LAST_NAME,FIRST_NAME,ILLNESS) values ('SISTER',2015106152,'FEFS','SA','AS');
Insert into EDWARDORA.FAMILYHISTORY (RELATION,PERSON_ID,LAST_NAME,FIRST_NAME,ILLNESS) values ('FATHER',2,'2','2','2');
REM INSERTING into EDWARDORA.FACULTYJOBS
SET DEFINE OFF;
Insert into EDWARDORA.FACULTYJOBS (FACULTY_ID,CODE,POSITION) values (1101,'DOM','DEPARTMENT OF MATHEMATICS');
Insert into EDWARDORA.FACULTYJOBS (FACULTY_ID,CODE,POSITION) values (1102,'DOP','DEPARTMENT OF PHYSICS');
Insert into EDWARDORA.FACULTYJOBS (FACULTY_ID,CODE,POSITION) values (1103,'ETY','E.T. YUCHENGCO SCHOOL OF BUSINESS MANAGEMENT');
Insert into EDWARDORA.FACULTYJOBS (FACULTY_ID,CODE,POSITION) values (1104,'MS','SCHOOL OF MEDIA STUDIES');
Insert into EDWARDORA.FACULTYJOBS (FACULTY_ID,CODE,POSITION) values (1105,'PEA','DEPARTMENT OF PHYSICAL EDUCATION & ATHLETICS ');
Insert into EDWARDORA.FACULTYJOBS (FACULTY_ID,CODE,POSITION) values (1106,'AIDBE','SCHOOL OF ARCHITECTURE, INDUSTRIAL DESIGN AND THE BUILT ENVIRONMENT');
Insert into EDWARDORA.FACULTYJOBS (FACULTY_ID,CODE,POSITION) values (1107,'CEGE','SCHOOL OF CIVIL, ENVIRONMENTAL AND GEOLOGICAL ENGINEERING');
Insert into EDWARDORA.FACULTYJOBS (FACULTY_ID,CODE,POSITION) values (1108,'CEC','SCHOOL OF CHEMICAL ENGINEERING AND CHEMISTRY');
Insert into EDWARDORA.FACULTYJOBS (FACULTY_ID,CODE,POSITION) values (1109,'EECE','SCHOOL OF ELECTRICAL, ELECTRONICS, AND COMPUTER ENGINEERING');
Insert into EDWARDORA.FACULTYJOBS (FACULTY_ID,CODE,POSITION) values (1110,'GS','SCHOOL OF GRADUATE STUDIES');
Insert into EDWARDORA.FACULTYJOBS (FACULTY_ID,CODE,POSITION) values (1111,'IE-EMG','SCHOOL OF IE-EMG');
Insert into EDWARDORA.FACULTYJOBS (FACULTY_ID,CODE,POSITION) values (1112,'ME','SCHOOL OF MECHANICAL ENGINEERING');
Insert into EDWARDORA.FACULTYJOBS (FACULTY_ID,CODE,POSITION) values (1113,'SLHS','SCHOOL OF LANGUAGE, HUMANITIES, AND SOCIAL SCIENCES - INTRAMUROS');
Insert into EDWARDORA.FACULTYJOBS (FACULTY_ID,CODE,POSITION) values (1114,'SOIT','SCHOOL OF INFORMATION TECHNOLOGY');
Insert into EDWARDORA.FACULTYJOBS (FACULTY_ID,CODE,POSITION) values (1115,'SHS STEM','SCIENCE TECHNOLOGY ENGINEERING AND MATHEMATICS');
Insert into EDWARDORA.FACULTYJOBS (FACULTY_ID,CODE,POSITION) values (1116,'SHS ABM','ACCOUNTANCY BUSINESS AND MANAGEMENT');
Insert into EDWARDORA.FACULTYJOBS (FACULTY_ID,CODE,POSITION) values (1117,'SHS HUMSS','HUMANITIES AND SOCIAL SCIENCES');
Insert into EDWARDORA.FACULTYJOBS (FACULTY_ID,CODE,POSITION) values (1118,'SHS GAS','GENERAL ACADEMIC STRAND');
REM INSERTING into EDWARDORA.FACULTY
SET DEFINE OFF;
Insert into EDWARDORA.FACULTY (PERSON_ID,TYPE_ID,FACULTY_ID) values (313132,2,1111);
Insert into EDWARDORA.FACULTY (PERSON_ID,TYPE_ID,FACULTY_ID) values (4444,2,1114);
Insert into EDWARDORA.FACULTY (PERSON_ID,TYPE_ID,FACULTY_ID) values (10000000,2,1101);
Insert into EDWARDORA.FACULTY (PERSON_ID,TYPE_ID,FACULTY_ID) values (10000001,2,1102);
Insert into EDWARDORA.FACULTY (PERSON_ID,TYPE_ID,FACULTY_ID) values (10000002,2,1103);
Insert into EDWARDORA.FACULTY (PERSON_ID,TYPE_ID,FACULTY_ID) values (10000003,2,1104);
Insert into EDWARDORA.FACULTY (PERSON_ID,TYPE_ID,FACULTY_ID) values (10000005,2,1106);
Insert into EDWARDORA.FACULTY (PERSON_ID,TYPE_ID,FACULTY_ID) values (10000006,2,1107);
Insert into EDWARDORA.FACULTY (PERSON_ID,TYPE_ID,FACULTY_ID) values (10000007,2,1108);
Insert into EDWARDORA.FACULTY (PERSON_ID,TYPE_ID,FACULTY_ID) values (10000008,2,1109);
Insert into EDWARDORA.FACULTY (PERSON_ID,TYPE_ID,FACULTY_ID) values (10000009,2,1110);
Insert into EDWARDORA.FACULTY (PERSON_ID,TYPE_ID,FACULTY_ID) values (10000010,2,1111);
Insert into EDWARDORA.FACULTY (PERSON_ID,TYPE_ID,FACULTY_ID) values (10000011,2,1112);
Insert into EDWARDORA.FACULTY (PERSON_ID,TYPE_ID,FACULTY_ID) values (20000000,2,1114);
Insert into EDWARDORA.FACULTY (PERSON_ID,TYPE_ID,FACULTY_ID) values (20000001,2,1101);
Insert into EDWARDORA.FACULTY (PERSON_ID,TYPE_ID,FACULTY_ID) values (20000002,2,1103);
Insert into EDWARDORA.FACULTY (PERSON_ID,TYPE_ID,FACULTY_ID) values (20000003,2,1103);
Insert into EDWARDORA.FACULTY (PERSON_ID,TYPE_ID,FACULTY_ID) values (20000004,2,1102);
Insert into EDWARDORA.FACULTY (PERSON_ID,TYPE_ID,FACULTY_ID) values (20000005,2,1102);
Insert into EDWARDORA.FACULTY (PERSON_ID,TYPE_ID,FACULTY_ID) values (20000006,2,1104);
Insert into EDWARDORA.FACULTY (PERSON_ID,TYPE_ID,FACULTY_ID) values (20000007,2,1105);
Insert into EDWARDORA.FACULTY (PERSON_ID,TYPE_ID,FACULTY_ID) values (20000008,2,1113);
Insert into EDWARDORA.FACULTY (PERSON_ID,TYPE_ID,FACULTY_ID) values (3112,2,1111);
Insert into EDWARDORA.FACULTY (PERSON_ID,TYPE_ID,FACULTY_ID) values (24234,2,1105);
REM INSERTING into EDWARDORA.ACCOUNT
SET DEFINE OFF;
Insert into EDWARDORA.ACCOUNT (PIC_ID,USERNAME,PASSWORD) values (331555,'222','313');
Insert into EDWARDORA.ACCOUNT (PIC_ID,USERNAME,PASSWORD) values (4124234,'edzkie','admin');
Insert into EDWARDORA.ACCOUNT (PIC_ID,USERNAME,PASSWORD) values (98765456,'admin','admin');
Insert into EDWARDORA.ACCOUNT (PIC_ID,USERNAME,PASSWORD) values (898,'IAMEDWARD','MAPUA');
Insert into EDWARDORA.ACCOUNT (PIC_ID,USERNAME,PASSWORD) values (11222,'EDWARD758','33');
Insert into EDWARDORA.ACCOUNT (PIC_ID,USERNAME,PASSWORD) values (3,'3','3');
Insert into EDWARDORA.ACCOUNT (PIC_ID,USERNAME,PASSWORD) values (4,'4','4');
Insert into EDWARDORA.ACCOUNT (PIC_ID,USERNAME,PASSWORD) values (6,'6','6');
Insert into EDWARDORA.ACCOUNT (PIC_ID,USERNAME,PASSWORD) values (44,'4','4');
Insert into EDWARDORA.ACCOUNT (PIC_ID,USERNAME,PASSWORD) values (66,'66','66');
Insert into EDWARDORA.ACCOUNT (PIC_ID,USERNAME,PASSWORD) values (313,'313','313');
Insert into EDWARDORA.ACCOUNT (PIC_ID,USERNAME,PASSWORD) values (55,'5','5');
Insert into EDWARDORA.ACCOUNT (PIC_ID,USERNAME,PASSWORD) values (767,'7676','767');
Insert into EDWARDORA.ACCOUNT (PIC_ID,USERNAME,PASSWORD) values (4352,'clinica','mapua');
Insert into EDWARDORA.ACCOUNT (PIC_ID,USERNAME,PASSWORD) values (1212,'ED','123');
REM INSERTING into EDWARDORA.COURSE
SET DEFINE OFF;
Insert into EDWARDORA.COURSE (COURSE_ID,COURSE_CODE,COURSE_NAME) values (100,'IT','INFORMATION TECHNOLOGY');
Insert into EDWARDORA.COURSE (COURSE_ID,COURSE_CODE,COURSE_NAME) values (101,'IS','INFORMATION SYSTEMS');
Insert into EDWARDORA.COURSE (COURSE_ID,COURSE_CODE,COURSE_NAME) values (102,'CS','COMPUTER SCIENCE');
Insert into EDWARDORA.COURSE (COURSE_ID,COURSE_CODE,COURSE_NAME) values (103,'AR','ARCHITECTURE');
Insert into EDWARDORA.COURSE (COURSE_ID,COURSE_CODE,COURSE_NAME) values (104,'IE','INDUSTRIAL ENGINEERING');
Insert into EDWARDORA.COURSE (COURSE_ID,COURSE_CODE,COURSE_NAME) values (105,'CE','CIVIL ENGINEERING');
Insert into EDWARDORA.COURSE (COURSE_ID,COURSE_CODE,COURSE_NAME) values (106,'EE','ELECTRONICS ENGINEERING');
Insert into EDWARDORA.COURSE (COURSE_ID,COURSE_CODE,COURSE_NAME) values (107,'ChE','CHEMICAL ENGINEERING');
Insert into EDWARDORA.COURSE (COURSE_ID,COURSE_CODE,COURSE_NAME) values (108,'ACT','ACCOUNTANCY');
Insert into EDWARDORA.COURSE (COURSE_ID,COURSE_CODE,COURSE_NAME) values (109,'ENTR','ENTREPRENEUR');
Insert into EDWARDORA.COURSE (COURSE_ID,COURSE_CODE,COURSE_NAME) values (110,'HRM','HOTEL AND RESTAURANT MANAGEMENT');
Insert into EDWARDORA.COURSE (COURSE_ID,COURSE_CODE,COURSE_NAME) values (111,'EMC','ENTERTAINMENT AND MULTIMEDIA COMPUTING');
Insert into EDWARDORA.COURSE (COURSE_ID,COURSE_CODE,COURSE_NAME) values (112,'BA','BUSINESS ADMINISTRATION');
Insert into EDWARDORA.COURSE (COURSE_ID,COURSE_CODE,COURSE_NAME) values (113,'PSY','PSYCHOLOGY');
Insert into EDWARDORA.COURSE (COURSE_ID,COURSE_CODE,COURSE_NAME) values (114,'DF','DIGITAL FILM');
Insert into EDWARDORA.COURSE (COURSE_ID,COURSE_CODE,COURSE_NAME) values (115,'MA','MULTIMEDIA ARTS');
Insert into EDWARDORA.COURSE (COURSE_ID,COURSE_CODE,COURSE_NAME) values (116,'AD','ADVERTISING DESIGN');
Insert into EDWARDORA.COURSE (COURSE_ID,COURSE_CODE,COURSE_NAME) values (117,'BM','BROADCAST MEDIA');
Insert into EDWARDORA.COURSE (COURSE_ID,COURSE_CODE,COURSE_NAME) values (118,'DJ','DIGITAL JOURNALISM');
Insert into EDWARDORA.COURSE (COURSE_ID,COURSE_CODE,COURSE_NAME) values (119,'BE','BIOLOGICAL ENGINEERING');
Insert into EDWARDORA.COURSE (COURSE_ID,COURSE_CODE,COURSE_NAME) values (120,'TE','TECHNICAL COMMUNICATION');
Insert into EDWARDORA.COURSE (COURSE_ID,COURSE_CODE,COURSE_NAME) values (121,'SEM','SERVICE ENGINEERING MANAGEMENT');
Insert into EDWARDORA.COURSE (COURSE_ID,COURSE_CODE,COURSE_NAME) values (122,'SWM','SPORTS AND WELLNESS MANAGEMENT');
Insert into EDWARDORA.COURSE (COURSE_ID,COURSE_CODE,COURSE_NAME) values (123,'PHY','PHYSICS');
Insert into EDWARDORA.COURSE (COURSE_ID,COURSE_CODE,COURSE_NAME) values (124,'ME','MECHANICAL ENGINEERING');
Insert into EDWARDORA.COURSE (COURSE_ID,COURSE_CODE,COURSE_NAME) values (125,'MSE','MANAGEMENT AND SCIENCE ENGINEERING');
Insert into EDWARDORA.COURSE (COURSE_ID,COURSE_CODE,COURSE_NAME) values (126,'IRD','INTERIOR DESIGN');
Insert into EDWARDORA.COURSE (COURSE_ID,COURSE_CODE,COURSE_NAME) values (127,'IND','INDUSTRIAL DESIGN');
Insert into EDWARDORA.COURSE (COURSE_ID,COURSE_CODE,COURSE_NAME) values (128,'GEO','GEOLOGY');
Insert into EDWARDORA.COURSE (COURSE_ID,COURSE_CODE,COURSE_NAME) values (129,'GSE','GEOLOGICAL SCIENCE AND ENGINEERING');
Insert into EDWARDORA.COURSE (COURSE_ID,COURSE_CODE,COURSE_NAME) values (130,'ESE','ENVIRONMENTAL AND SANITARY ENGINEERING');
Insert into EDWARDORA.COURSE (COURSE_ID,COURSE_CODE,COURSE_NAME) values (131,'ELE','ELECTRICAL ENGINEERING');
Insert into EDWARDORA.COURSE (COURSE_ID,COURSE_CODE,COURSE_NAME) values (132,'ET','EDUCATION TECHNOLOGY');
Insert into EDWARDORA.COURSE (COURSE_ID,COURSE_CODE,COURSE_NAME) values (133,'SHS','SENIOR HIGH SCHOOL');
REM INSERTING into EDWARDORA.DIAGNOSIS
SET DEFINE OFF;
Insert into EDWARDORA.DIAGNOSIS (PERSON_ID,DIAGNOSIS_DESCRIPTION,D_NO) values (33433,'SLEEP DEPRIVATION',3124);
Insert into EDWARDORA.DIAGNOSIS (PERSON_ID,DIAGNOSIS_DESCRIPTION,D_NO) values (4444,'SLEEP DEPRIVATION DURING THE LAST 3 WEEKS',121213);
Insert into EDWARDORA.DIAGNOSIS (PERSON_ID,DIAGNOSIS_DESCRIPTION,D_NO) values (2015107159,'CHEST PAIN',60004);
Insert into EDWARDORA.DIAGNOSIS (PERSON_ID,DIAGNOSIS_DESCRIPTION,D_NO) values (2015106152,'CHEST PAIN',60005);
Insert into EDWARDORA.DIAGNOSIS (PERSON_ID,DIAGNOSIS_DESCRIPTION,D_NO) values (2015111028,'CHEST PAIN',60006);
Insert into EDWARDORA.DIAGNOSIS (PERSON_ID,DIAGNOSIS_DESCRIPTION,D_NO) values (2015107415,'CHEST PAIN',60007);
Insert into EDWARDORA.DIAGNOSIS (PERSON_ID,DIAGNOSIS_DESCRIPTION,D_NO) values (2015151411,'CHEST PAIN',60008);
Insert into EDWARDORA.DIAGNOSIS (PERSON_ID,DIAGNOSIS_DESCRIPTION,D_NO) values (2015111989,'HEADACHE',60009);
Insert into EDWARDORA.DIAGNOSIS (PERSON_ID,DIAGNOSIS_DESCRIPTION,D_NO) values (2015111963,'HEADACHE',60010);
Insert into EDWARDORA.DIAGNOSIS (PERSON_ID,DIAGNOSIS_DESCRIPTION,D_NO) values (2015120485,'STOMACH ACHE',60011);
Insert into EDWARDORA.DIAGNOSIS (PERSON_ID,DIAGNOSIS_DESCRIPTION,D_NO) values (2015107654,'YAWNING FOR 5 HOURS STRAIGHT',60012);
Insert into EDWARDORA.DIAGNOSIS (PERSON_ID,DIAGNOSIS_DESCRIPTION,D_NO) values (2015104643,'STOMACH ACHE',60013);
Insert into EDWARDORA.DIAGNOSIS (PERSON_ID,DIAGNOSIS_DESCRIPTION,D_NO) values (2015112905,'HEADACHE',60014);
Insert into EDWARDORA.DIAGNOSIS (PERSON_ID,DIAGNOSIS_DESCRIPTION,D_NO) values (2015140237,'BLEEDING',60015);
Insert into EDWARDORA.DIAGNOSIS (PERSON_ID,DIAGNOSIS_DESCRIPTION,D_NO) values (2015111297,'HEADACHE',60016);
Insert into EDWARDORA.DIAGNOSIS (PERSON_ID,DIAGNOSIS_DESCRIPTION,D_NO) values (2015170909,'BLEEDING',60017);
Insert into EDWARDORA.DIAGNOSIS (PERSON_ID,DIAGNOSIS_DESCRIPTION,D_NO) values (2015111308,'rthtyff',60018);
Insert into EDWARDORA.DIAGNOSIS (PERSON_ID,DIAGNOSIS_DESCRIPTION,D_NO) values (2015107941,'HEADACHE',60019);
Insert into EDWARDORA.DIAGNOSIS (PERSON_ID,DIAGNOSIS_DESCRIPTION,D_NO) values (2015110102,'HEADACHE',60020);
Insert into EDWARDORA.DIAGNOSIS (PERSON_ID,DIAGNOSIS_DESCRIPTION,D_NO) values (2015107361,'HEADACHE',60021);
Insert into EDWARDORA.DIAGNOSIS (PERSON_ID,DIAGNOSIS_DESCRIPTION,D_NO) values (10000000,'HEADACHE',60022);
Insert into EDWARDORA.DIAGNOSIS (PERSON_ID,DIAGNOSIS_DESCRIPTION,D_NO) values (10000001,'HEADACHE',60023);
Insert into EDWARDORA.DIAGNOSIS (PERSON_ID,DIAGNOSIS_DESCRIPTION,D_NO) values (10000002,'HEADACHE',60024);
Insert into EDWARDORA.DIAGNOSIS (PERSON_ID,DIAGNOSIS_DESCRIPTION,D_NO) values (10000003,'BLEEDING',60025);
Insert into EDWARDORA.DIAGNOSIS (PERSON_ID,DIAGNOSIS_DESCRIPTION,D_NO) values (10000005,'HEADACHE',60027);
Insert into EDWARDORA.DIAGNOSIS (PERSON_ID,DIAGNOSIS_DESCRIPTION,D_NO) values (10000006,'HEADACHE',60028);
Insert into EDWARDORA.DIAGNOSIS (PERSON_ID,DIAGNOSIS_DESCRIPTION,D_NO) values (10000007,'HEADACHE',60029);
Insert into EDWARDORA.DIAGNOSIS (PERSON_ID,DIAGNOSIS_DESCRIPTION,D_NO) values (10000008,'BLEEDING',60030);
Insert into EDWARDORA.DIAGNOSIS (PERSON_ID,DIAGNOSIS_DESCRIPTION,D_NO) values (10000009,'HEADACHE',60031);
Insert into EDWARDORA.DIAGNOSIS (PERSON_ID,DIAGNOSIS_DESCRIPTION,D_NO) values (10000010,'HEADACHE',60032);
Insert into EDWARDORA.DIAGNOSIS (PERSON_ID,DIAGNOSIS_DESCRIPTION,D_NO) values (10000011,'HEADACHE',60033);
Insert into EDWARDORA.DIAGNOSIS (PERSON_ID,DIAGNOSIS_DESCRIPTION,D_NO) values (20000000,'HEADACHE',60034);
Insert into EDWARDORA.DIAGNOSIS (PERSON_ID,DIAGNOSIS_DESCRIPTION,D_NO) values (20000001,'HEADACHE',60035);
Insert into EDWARDORA.DIAGNOSIS (PERSON_ID,DIAGNOSIS_DESCRIPTION,D_NO) values (20000002,'HEADACHE',60036);
Insert into EDWARDORA.DIAGNOSIS (PERSON_ID,DIAGNOSIS_DESCRIPTION,D_NO) values (20000003,'HEADACHE',60037);
Insert into EDWARDORA.DIAGNOSIS (PERSON_ID,DIAGNOSIS_DESCRIPTION,D_NO) values (20000004,'HEADACHE',60038);
Insert into EDWARDORA.DIAGNOSIS (PERSON_ID,DIAGNOSIS_DESCRIPTION,D_NO) values (20000005,'BLEEDING',60039);
Insert into EDWARDORA.DIAGNOSIS (PERSON_ID,DIAGNOSIS_DESCRIPTION,D_NO) values (20000006,'HEADACHE',60040);
Insert into EDWARDORA.DIAGNOSIS (PERSON_ID,DIAGNOSIS_DESCRIPTION,D_NO) values (20000007,'HEADACHE',60041);
Insert into EDWARDORA.DIAGNOSIS (PERSON_ID,DIAGNOSIS_DESCRIPTION,D_NO) values (20000008,'HEADACHE',60042);
REM INSERTING into EDWARDORA.DIAGNOSISHISTORY
SET DEFINE OFF;
Insert into EDWARDORA.DIAGNOSISHISTORY (D_NO,D_DATE,PIC_ID) values (3124,to_date('26-JUN-18','DD-MON-RR'),2908);
Insert into EDWARDORA.DIAGNOSISHISTORY (D_NO,D_DATE,PIC_ID) values (121213,to_date('25-JUN-18','DD-MON-RR'),2911);
Insert into EDWARDORA.DIAGNOSISHISTORY (D_NO,D_DATE,PIC_ID) values (60004,to_date('23-MAY-18','DD-MON-RR'),2904);
Insert into EDWARDORA.DIAGNOSISHISTORY (D_NO,D_DATE,PIC_ID) values (60005,to_date('24-APR-18','DD-MON-RR'),2904);
Insert into EDWARDORA.DIAGNOSISHISTORY (D_NO,D_DATE,PIC_ID) values (60006,to_date('25-APR-18','DD-MON-RR'),2905);
Insert into EDWARDORA.DIAGNOSISHISTORY (D_NO,D_DATE,PIC_ID) values (60007,to_date('26-JAN-18','DD-MON-RR'),2905);
Insert into EDWARDORA.DIAGNOSISHISTORY (D_NO,D_DATE,PIC_ID) values (60008,to_date('27-FEB-18','DD-MON-RR'),2905);
Insert into EDWARDORA.DIAGNOSISHISTORY (D_NO,D_DATE,PIC_ID) values (60009,to_date('28-MAR-18','DD-MON-RR'),2906);
Insert into EDWARDORA.DIAGNOSISHISTORY (D_NO,D_DATE,PIC_ID) values (60010,to_date('30-MAY-18','DD-MON-RR'),2907);
Insert into EDWARDORA.DIAGNOSISHISTORY (D_NO,D_DATE,PIC_ID) values (60011,to_date('20-MAR-18','DD-MON-RR'),2908);
Insert into EDWARDORA.DIAGNOSISHISTORY (D_NO,D_DATE,PIC_ID) values (60012,to_date('20-MAR-18','DD-MON-RR'),2909);
Insert into EDWARDORA.DIAGNOSISHISTORY (D_NO,D_DATE,PIC_ID) values (60013,to_date('20-MAR-18','DD-MON-RR'),2901);
Insert into EDWARDORA.DIAGNOSISHISTORY (D_NO,D_DATE,PIC_ID) values (60014,to_date('20-MAR-18','DD-MON-RR'),2902);
Insert into EDWARDORA.DIAGNOSISHISTORY (D_NO,D_DATE,PIC_ID) values (60015,to_date('20-MAR-18','DD-MON-RR'),2903);
Insert into EDWARDORA.DIAGNOSISHISTORY (D_NO,D_DATE,PIC_ID) values (60016,to_date('20-MAR-18','DD-MON-RR'),2904);
Insert into EDWARDORA.DIAGNOSISHISTORY (D_NO,D_DATE,PIC_ID) values (60017,to_date('20-MAR-18','DD-MON-RR'),2905);
Insert into EDWARDORA.DIAGNOSISHISTORY (D_NO,D_DATE,PIC_ID) values (60018,to_date('20-MAR-18','DD-MON-RR'),2906);
Insert into EDWARDORA.DIAGNOSISHISTORY (D_NO,D_DATE,PIC_ID) values (60019,to_date('24-MAR-18','DD-MON-RR'),2907);
Insert into EDWARDORA.DIAGNOSISHISTORY (D_NO,D_DATE,PIC_ID) values (60020,to_date('24-MAR-18','DD-MON-RR'),2908);
Insert into EDWARDORA.DIAGNOSISHISTORY (D_NO,D_DATE,PIC_ID) values (60021,to_date('24-MAR-18','DD-MON-RR'),2909);
Insert into EDWARDORA.DIAGNOSISHISTORY (D_NO,D_DATE,PIC_ID) values (60022,to_date('22-MAR-18','DD-MON-RR'),2910);
Insert into EDWARDORA.DIAGNOSISHISTORY (D_NO,D_DATE,PIC_ID) values (60023,to_date('22-MAR-18','DD-MON-RR'),2911);
Insert into EDWARDORA.DIAGNOSISHISTORY (D_NO,D_DATE,PIC_ID) values (60024,to_date('22-MAR-18','DD-MON-RR'),2909);
Insert into EDWARDORA.DIAGNOSISHISTORY (D_NO,D_DATE,PIC_ID) values (60025,to_date('21-MAR-18','DD-MON-RR'),2908);
Insert into EDWARDORA.DIAGNOSISHISTORY (D_NO,D_DATE,PIC_ID) values (60027,to_date('21-MAR-18','DD-MON-RR'),2906);
Insert into EDWARDORA.DIAGNOSISHISTORY (D_NO,D_DATE,PIC_ID) values (60028,to_date('02-MAR-18','DD-MON-RR'),2905);
Insert into EDWARDORA.DIAGNOSISHISTORY (D_NO,D_DATE,PIC_ID) values (60029,to_date('20-MAR-18','DD-MON-RR'),2904);
Insert into EDWARDORA.DIAGNOSISHISTORY (D_NO,D_DATE,PIC_ID) values (60030,to_date('05-MAR-18','DD-MON-RR'),2903);
Insert into EDWARDORA.DIAGNOSISHISTORY (D_NO,D_DATE,PIC_ID) values (60031,to_date('20-MAR-18','DD-MON-RR'),2902);
Insert into EDWARDORA.DIAGNOSISHISTORY (D_NO,D_DATE,PIC_ID) values (60032,to_date('20-MAR-18','DD-MON-RR'),2901);
Insert into EDWARDORA.DIAGNOSISHISTORY (D_NO,D_DATE,PIC_ID) values (60033,to_date('05-MAR-18','DD-MON-RR'),2910);
Insert into EDWARDORA.DIAGNOSISHISTORY (D_NO,D_DATE,PIC_ID) values (60034,to_date('20-MAR-18','DD-MON-RR'),2911);
Insert into EDWARDORA.DIAGNOSISHISTORY (D_NO,D_DATE,PIC_ID) values (60035,to_date('20-MAR-18','DD-MON-RR'),2911);
Insert into EDWARDORA.DIAGNOSISHISTORY (D_NO,D_DATE,PIC_ID) values (60036,to_date('05-MAR-18','DD-MON-RR'),2911);
Insert into EDWARDORA.DIAGNOSISHISTORY (D_NO,D_DATE,PIC_ID) values (60037,to_date('05-MAR-18','DD-MON-RR'),2910);
Insert into EDWARDORA.DIAGNOSISHISTORY (D_NO,D_DATE,PIC_ID) values (60038,to_date('27-MAR-18','DD-MON-RR'),2901);
Insert into EDWARDORA.DIAGNOSISHISTORY (D_NO,D_DATE,PIC_ID) values (60039,to_date('07-MAR-18','DD-MON-RR'),2901);
Insert into EDWARDORA.DIAGNOSISHISTORY (D_NO,D_DATE,PIC_ID) values (60040,to_date('20-MAR-18','DD-MON-RR'),2901);
Insert into EDWARDORA.DIAGNOSISHISTORY (D_NO,D_DATE,PIC_ID) values (60041,to_date('20-MAR-18','DD-MON-RR'),2901);
Insert into EDWARDORA.DIAGNOSISHISTORY (D_NO,D_DATE,PIC_ID) values (60042,to_date('22-MAR-18','DD-MON-RR'),2901);
REM INSERTING into EDWARDORA.DRUG
SET DEFINE OFF;
Insert into EDWARDORA.DRUG (D_NO,NAME,COST,QUANTITY) values (60005,'21',22,1);
Insert into EDWARDORA.DRUG (D_NO,NAME,COST,QUANTITY) values (60006,'JUICE',12,4);
Insert into EDWARDORA.DRUG (D_NO,NAME,COST,QUANTITY) values (60004,'EEAS',21,3);
Insert into EDWARDORA.DRUG (D_NO,NAME,COST,QUANTITY) values (60008,'DFGF',31,2);
Insert into EDWARDORA.DRUG (D_NO,NAME,COST,QUANTITY) values (121213,'SLEEPING PILLS',5,5);
Insert into EDWARDORA.DRUG (D_NO,NAME,COST,QUANTITY) values (60004,'COUGH DROPS',23,3);
Insert into EDWARDORA.DRUG (D_NO,NAME,COST,QUANTITY) values (60005,'LUVISCOL',24,3);
Insert into EDWARDORA.DRUG (D_NO,NAME,COST,QUANTITY) values (60006,'COUGH DROPS',25,3);
Insert into EDWARDORA.DRUG (D_NO,NAME,COST,QUANTITY) values (60007,'COUGH DROPS',26,3);
Insert into EDWARDORA.DRUG (D_NO,NAME,COST,QUANTITY) values (60008,'LUVISCOL',27,3);
Insert into EDWARDORA.DRUG (D_NO,NAME,COST,QUANTITY) values (60009,'LUVISCOL',28,2);
Insert into EDWARDORA.DRUG (D_NO,NAME,COST,QUANTITY) values (60010,'LUVISCOL',30,2);
Insert into EDWARDORA.DRUG (D_NO,NAME,COST,QUANTITY) values (60011,'LUVISCOL',31,2);
Insert into EDWARDORA.DRUG (D_NO,NAME,COST,QUANTITY) values (60012,'LUVISCOL',33,2);
Insert into EDWARDORA.DRUG (D_NO,NAME,COST,QUANTITY) values (60013,'AMOXICILIN',33,2);
Insert into EDWARDORA.DRUG (D_NO,NAME,COST,QUANTITY) values (60014,'NEOZEP',33,2);
Insert into EDWARDORA.DRUG (D_NO,NAME,COST,QUANTITY) values (60015,'LUVISCOL',25,2);
Insert into EDWARDORA.DRUG (D_NO,NAME,COST,QUANTITY) values (60016,'LUVISCOL',25,2);
Insert into EDWARDORA.DRUG (D_NO,NAME,COST,QUANTITY) values (60017,'NEOZEP',25,1);
Insert into EDWARDORA.DRUG (D_NO,NAME,COST,QUANTITY) values (60018,'LUVISCOL',25,1);
Insert into EDWARDORA.DRUG (D_NO,NAME,COST,QUANTITY) values (60019,'NEOZEP',25,1);
Insert into EDWARDORA.DRUG (D_NO,NAME,COST,QUANTITY) values (60020,'LUVISCOL',25,7);
Insert into EDWARDORA.DRUG (D_NO,NAME,COST,QUANTITY) values (60021,'NEOZEP',25,7);
Insert into EDWARDORA.DRUG (D_NO,NAME,COST,QUANTITY) values (60022,'COUGH DROPS',25,7);
Insert into EDWARDORA.DRUG (D_NO,NAME,COST,QUANTITY) values (60023,'LUVISCOL',25,4);
Insert into EDWARDORA.DRUG (D_NO,NAME,COST,QUANTITY) values (60024,'LUVISCOL',25,4);
Insert into EDWARDORA.DRUG (D_NO,NAME,COST,QUANTITY) values (60025,'LUVISCOL',22,3);
Insert into EDWARDORA.DRUG (D_NO,NAME,COST,QUANTITY) values (60027,'LUVISCOL',22,2);
Insert into EDWARDORA.DRUG (D_NO,NAME,COST,QUANTITY) values (60028,'LUVISCOL',22,3);
Insert into EDWARDORA.DRUG (D_NO,NAME,COST,QUANTITY) values (60029,'LUVISCOL',21,5);
Insert into EDWARDORA.DRUG (D_NO,NAME,COST,QUANTITY) values (60030,'LUVISCOL',21,3);
Insert into EDWARDORA.DRUG (D_NO,NAME,COST,QUANTITY) values (60031,'LUVISCOL',21,2);
Insert into EDWARDORA.DRUG (D_NO,NAME,COST,QUANTITY) values (60032,'LUVISCOL',21,1);
Insert into EDWARDORA.DRUG (D_NO,NAME,COST,QUANTITY) values (60033,'LUVISCOL',21,1);
Insert into EDWARDORA.DRUG (D_NO,NAME,COST,QUANTITY) values (60034,'LUVISCOL',21,5);
Insert into EDWARDORA.DRUG (D_NO,NAME,COST,QUANTITY) values (60035,'LUVISCOL',21,6);
Insert into EDWARDORA.DRUG (D_NO,NAME,COST,QUANTITY) values (60036,'LUVISCOL',21,3);
Insert into EDWARDORA.DRUG (D_NO,NAME,COST,QUANTITY) values (60037,'LUVISCOL',21,2);
Insert into EDWARDORA.DRUG (D_NO,NAME,COST,QUANTITY) values (60038,'LUVISCOL',21,5);
Insert into EDWARDORA.DRUG (D_NO,NAME,COST,QUANTITY) values (60039,'LUVISCOL',21,6);
Insert into EDWARDORA.DRUG (D_NO,NAME,COST,QUANTITY) values (60040,'LUVISCOL',25,7);
Insert into EDWARDORA.DRUG (D_NO,NAME,COST,QUANTITY) values (60041,'MEFENAMIC ACID',25,8);
REM INSERTING into EDWARDORA.PERSONALCONSULTATION
SET DEFINE OFF;
Insert into EDWARDORA.PERSONALCONSULTATION (PERSON_ID,PC_NO,SUBJECTCOMPLAINTS,OBJECTFINDINGS,ASSESSMENT,PLANS) values (2426,1212,'GDFSDF','SAFSDF','FWSDF','SGDERADG');
Insert into EDWARDORA.PERSONALCONSULTATION (PERSON_ID,PC_NO,SUBJECTCOMPLAINTS,OBJECTFINDINGS,ASSESSMENT,PLANS) values (4235,3113,'SFDSFWSDAF','SSDFSDFD','SDSDF','WESDGFDS');
Insert into EDWARDORA.PERSONALCONSULTATION (PERSON_ID,PC_NO,SUBJECTCOMPLAINTS,OBJECTFINDINGS,ASSESSMENT,PLANS) values (2015106152,80005,'TOOTH ACHE','IT IS FOUND THAT THE PERSON IS DRINKING TOO MUCH COFFEE','ADVISED TO LESSEN CAFFEINE INTAKE','STRICTLY MONITOR CAFFEINE INTAKE');
Insert into EDWARDORA.PERSONALCONSULTATION (PERSON_ID,PC_NO,SUBJECTCOMPLAINTS,OBJECTFINDINGS,ASSESSMENT,PLANS) values (2015111028,80006,'HYPERACTIVITY','IT IS FOUND THAT THE PERSON IS DRINKING TOO MUCH COFFEE','ADVISED TO LESSEN CAFFEINE INTAKE','STRICTLY MONITOR CAFFEINE INTAKE');
Insert into EDWARDORA.PERSONALCONSULTATION (PERSON_ID,PC_NO,SUBJECTCOMPLAINTS,OBJECTFINDINGS,ASSESSMENT,PLANS) values (2015107415,80007,'SLEEP DEPRIVATION','IT IS FOUND THAT THE PERSON IS NOT SLEEPING PROPERLY','ADVISED TO MONITOR BODY CLOCK','STRICTLY MONITOR THE NUMBER OF HOURS OF SLEEP');
Insert into EDWARDORA.PERSONALCONSULTATION (PERSON_ID,PC_NO,SUBJECTCOMPLAINTS,OBJECTFINDINGS,ASSESSMENT,PLANS) values (2015151411,80008,'SLEEP DEPRIVATION','IT IS FOUND THAT THE PERSON IS NOT SLEEPING PROPERLY','ADVISED TO MONITOR BODY CLOCK','STRICTLY MONITOR THE NUMBER OF HOURS OF SLEEP');
Insert into EDWARDORA.PERSONALCONSULTATION (PERSON_ID,PC_NO,SUBJECTCOMPLAINTS,OBJECTFINDINGS,ASSESSMENT,PLANS) values (2015111963,80010,'SLEEP DEPRIVATION','IT IS FOUND THAT THE PERSON IS NOT SLEEPING PROPERLY','ADVISED TO MONITOR BODY CLOCK','STRICTLY MONITOR THE NUMBER OF HOURS OF SLEEP');
Insert into EDWARDORA.PERSONALCONSULTATION (PERSON_ID,PC_NO,SUBJECTCOMPLAINTS,OBJECTFINDINGS,ASSESSMENT,PLANS) values (2015120485,80011,'SLEEP DEPRIVATION','IT IS FOUND THAT THE PERSON IS NOT SLEEPING PROPERLY','ADVISED TO MONITOR BODY CLOCK','STRICTLY MONITOR THE NUMBER OF HOURS OF SLEEP');
Insert into EDWARDORA.PERSONALCONSULTATION (PERSON_ID,PC_NO,SUBJECTCOMPLAINTS,OBJECTFINDINGS,ASSESSMENT,PLANS) values (2015104643,80013,'HEADACHE','SEVERE HEADACHE EXPERIENCED DURING THE PAST 7 MONTHS','ADVISED TO TAKE IBUPROFEN','BED REST IN CLINIC');
Insert into EDWARDORA.PERSONALCONSULTATION (PERSON_ID,PC_NO,SUBJECTCOMPLAINTS,OBJECTFINDINGS,ASSESSMENT,PLANS) values (2015112905,80014,'HEADACHE','SEVERE HEADACHE EXPERIENCED DURING THE PAST 2 MONTHS','ADVISED TO TAKE IBUPROFEN','BED REST IN CLINIC');
Insert into EDWARDORA.PERSONALCONSULTATION (PERSON_ID,PC_NO,SUBJECTCOMPLAINTS,OBJECTFINDINGS,ASSESSMENT,PLANS) values (2015140237,80015,'HYPERACTIVITY','IT IS FOUND THAT THE PERSON IS DRINKING TOO MUCH COFFEE','ADVISED TO LESSEN CAFFEINE INTAKE','STRICTLY MONITOR CAFFEINE INTAKE');
Insert into EDWARDORA.PERSONALCONSULTATION (PERSON_ID,PC_NO,SUBJECTCOMPLAINTS,OBJECTFINDINGS,ASSESSMENT,PLANS) values (2015111297,80016,'HYPERACTIVITY','IT IS FOUND THAT THE PERSON IS DRINKING TOO MUCH COFFEE','ADVISED TO LESSEN CAFFEINE INTAKE','STRICTLY MONITOR CAFFEINE INTAKE');
Insert into EDWARDORA.PERSONALCONSULTATION (PERSON_ID,PC_NO,SUBJECTCOMPLAINTS,OBJECTFINDINGS,ASSESSMENT,PLANS) values (2015170909,80017,'HYPERACTIVITY','IT IS FOUND THAT THE PERSON IS DRINKING TOO MUCH COFFEE','ADVISED TO LESSEN CAFFEINE INTAKE','STRICTLY MONITOR CAFFEINE INTAKE');
Insert into EDWARDORA.PERSONALCONSULTATION (PERSON_ID,PC_NO,SUBJECTCOMPLAINTS,OBJECTFINDINGS,ASSESSMENT,PLANS) values (2015107941,80019,'HYPERACTIVITY','IT IS FOUND THAT THE PERSON IS DRINKING TOO MUCH COFFEE','ADVISED TO LESSEN CAFFEINE INTAKE','STRICTLY MONITOR CAFFEINE INTAKE');
Insert into EDWARDORA.PERSONALCONSULTATION (PERSON_ID,PC_NO,SUBJECTCOMPLAINTS,OBJECTFINDINGS,ASSESSMENT,PLANS) values (2015110102,80020,'HYPERACTIVITY','IT IS FOUND THAT THE PERSON IS DRINKING TOO MUCH COFFEE','ADVISED TO LESSEN CAFFEINE INTAKE','SLEEP');
Insert into EDWARDORA.PERSONALCONSULTATION (PERSON_ID,PC_NO,SUBJECTCOMPLAINTS,OBJECTFINDINGS,ASSESSMENT,PLANS) values (2015107361,80021,'HEADACHE','SEVERE HEADACHE EXPERIENCED DURING THE PAST 1 MONTHS','ADVISED TO TAKE IBUPROFEN','BED REST IN CLINIC');
Insert into EDWARDORA.PERSONALCONSULTATION (PERSON_ID,PC_NO,SUBJECTCOMPLAINTS,OBJECTFINDINGS,ASSESSMENT,PLANS) values (10000000,80022,'HEADACHE','SEVERE HEADACHE EXPERIENCED DURING THE PAST 8 MONTHS','ADVISED TO TAKE IBUPROFEN','BED REST IN CLINIC');
Insert into EDWARDORA.PERSONALCONSULTATION (PERSON_ID,PC_NO,SUBJECTCOMPLAINTS,OBJECTFINDINGS,ASSESSMENT,PLANS) values (10000001,80023,'HEADACHE','SEVERE HEADACHE EXPERIENCED DURING THE PAST 8 MONTHS','ADVISED TO TAKE IBUPROFEN','BED REST IN CLINIC');
Insert into EDWARDORA.PERSONALCONSULTATION (PERSON_ID,PC_NO,SUBJECTCOMPLAINTS,OBJECTFINDINGS,ASSESSMENT,PLANS) values (10000002,80024,'HEADACHE','SEVERE HEADACHE EXPERIENCED DURING THE PAST 5 MONTHS','ADVISED TO TAKE IBUPROFEN','BED REST IN CLINIC');
Insert into EDWARDORA.PERSONALCONSULTATION (PERSON_ID,PC_NO,SUBJECTCOMPLAINTS,OBJECTFINDINGS,ASSESSMENT,PLANS) values (10000003,80025,'HEADACHE','SEVERE HEADACHE EXPERIENCED DURING THE PAST 1 MONTH','ADVISED TO TAKE IBUPROFEN','daily rest');
Insert into EDWARDORA.PERSONALCONSULTATION (PERSON_ID,PC_NO,SUBJECTCOMPLAINTS,OBJECTFINDINGS,ASSESSMENT,PLANS) values (10000005,80027,'HEADACHE','SEVERE HEADACHE EXPERIENCED DURING THE PAST 2 MONTHS','ADVISED TO TAKE IBUPROFEN','BED REST IN CLINIC');
Insert into EDWARDORA.PERSONALCONSULTATION (PERSON_ID,PC_NO,SUBJECTCOMPLAINTS,OBJECTFINDINGS,ASSESSMENT,PLANS) values (10000006,80028,'HEADACHE','SEVERE HEADACHE EXPERIENCED DURING THE PAST 2 MONTHS','ADVISED TO TAKE IBUPROFEN','BED REST IN CLINIC');
Insert into EDWARDORA.PERSONALCONSULTATION (PERSON_ID,PC_NO,SUBJECTCOMPLAINTS,OBJECTFINDINGS,ASSESSMENT,PLANS) values (10000007,80029,'STOMACH ACHE','IT IS FOUND THAT THE PERSON IS NOT EATING HEALTHY FOODS BASED FROM THE CLINICAL TEST','ADVISED TO MONITOR FOOD INTAKE AND EAT HEALTHY FOODS','STRICTLY MONITOR FOOD INTAKE');
Insert into EDWARDORA.PERSONALCONSULTATION (PERSON_ID,PC_NO,SUBJECTCOMPLAINTS,OBJECTFINDINGS,ASSESSMENT,PLANS) values (10000008,80030,'STOMACH ACHE','IT IS FOUND THAT THE PERSON IS NOT EATING HEALTHY FOODS BASED FROM THE CLINICAL TEST','ADVISED TO MONITOR FOOD INTAKE AND EAT HEALTHY FOODS','STRICTLY MONITOR FOOD INTAKE');
Insert into EDWARDORA.PERSONALCONSULTATION (PERSON_ID,PC_NO,SUBJECTCOMPLAINTS,OBJECTFINDINGS,ASSESSMENT,PLANS) values (10000009,80031,'STOMACH ACHE','IT IS FOUND THAT THE PERSON IS NOT EATING HEALTHY FOODS BASED FROM THE CLINICAL TEST','ADVISED TO MONITOR FOOD INTAKE AND EAT HEALTHY FOODS','STRICTLY MONITOR FOOD INTAKE');
Insert into EDWARDORA.PERSONALCONSULTATION (PERSON_ID,PC_NO,SUBJECTCOMPLAINTS,OBJECTFINDINGS,ASSESSMENT,PLANS) values (10000010,80032,'HEADACHE','SEVERE HEADACHE EXPERIENCED DURING THE PAST 4 MONTHS','ADVISED TO TAKE IBUPROFEN','BED REST IN CLINIC');
Insert into EDWARDORA.PERSONALCONSULTATION (PERSON_ID,PC_NO,SUBJECTCOMPLAINTS,OBJECTFINDINGS,ASSESSMENT,PLANS) values (10000011,80033,'HEADACHE','SEVERE HEADACHE EXPERIENCED DURING THE PAST 4 MONTHS','ADVISED TO TAKE IBUPROFEN','BED REST IN CLINIC');
Insert into EDWARDORA.PERSONALCONSULTATION (PERSON_ID,PC_NO,SUBJECTCOMPLAINTS,OBJECTFINDINGS,ASSESSMENT,PLANS) values (20000000,80034,'HEADACHE','SEVERE HEADACHE EXPERIENCED DURING THE PAST 3 MONTHS','ADVISED TO TAKE IBUPROFEN','BED REST IN CLINIC');
Insert into EDWARDORA.PERSONALCONSULTATION (PERSON_ID,PC_NO,SUBJECTCOMPLAINTS,OBJECTFINDINGS,ASSESSMENT,PLANS) values (20000001,80035,'STOMACH ACHE','IT IS FOUND THAT THE PERSON IS NOT EATING HEALTHY FOODS BASED FROM THE CLINICAL TEST','ADVISED TO MONITOR FOOD INTAKE AND EAT HEALTHY FOODS','STRICTLY MONITOR FOOD INTAKE');
Insert into EDWARDORA.PERSONALCONSULTATION (PERSON_ID,PC_NO,SUBJECTCOMPLAINTS,OBJECTFINDINGS,ASSESSMENT,PLANS) values (20000003,80037,'SLEEP DEPRIVED','DOES NOT SLEEP FOR MORE THAN 8 HOURS','SLEEP MORE','BED REST');
Insert into EDWARDORA.PERSONALCONSULTATION (PERSON_ID,PC_NO,SUBJECTCOMPLAINTS,OBJECTFINDINGS,ASSESSMENT,PLANS) values (20000004,80038,'TOOTHACHE','IT IS FOUND THAT THE PERSON IS NOT EATING HEALTHY FOODS BASED FROM THE CLINICAL TEST','ADVISED TO MONITOR FOOD INTAKE AND EAT HEALTHY FOODS','STRICTLY MONITOR FOOD INTAKE');
Insert into EDWARDORA.PERSONALCONSULTATION (PERSON_ID,PC_NO,SUBJECTCOMPLAINTS,OBJECTFINDINGS,ASSESSMENT,PLANS) values (20000005,80039,'HEADACHE','SEVERE HEADACHE EXPERIENCED DURING THE PAST 1 MONTHS','ADVISED TO TAKE IBUPROFEN','BED REST IN CLINIC');
Insert into EDWARDORA.PERSONALCONSULTATION (PERSON_ID,PC_NO,SUBJECTCOMPLAINTS,OBJECTFINDINGS,ASSESSMENT,PLANS) values (20000007,80041,'HEADACHE','SEVERE HEADACHE EXPERIENCED DURING THE PAST 7 MONTHS','ADVISED TO TAKE IBUPROFEN','BED REST IN CLINIC');
Insert into EDWARDORA.PERSONALCONSULTATION (PERSON_ID,PC_NO,SUBJECTCOMPLAINTS,OBJECTFINDINGS,ASSESSMENT,PLANS) values (20000008,80042,'STOMACH ACHE','IT IS FOUND THAT THE PERSON IS NOT EATING HEALTHY FOODS BASED FROM THE CLINICAL TEST','ADVISED TO MONITOR FOOD INTAKE AND EAT HEALTHY FOODS','STRICTLY MONITOR FOOD INTAKE');
REM INSERTING into EDWARDORA.PERSONALCONSULTATIONHISTORY
SET DEFINE OFF;
Insert into EDWARDORA.PERSONALCONSULTATIONHISTORY (PC_NO,PC_DATE,PIC_ID) values (80005,to_date('05-APR-18','DD-MON-RR'),2905);
Insert into EDWARDORA.PERSONALCONSULTATIONHISTORY (PC_NO,PC_DATE,PIC_ID) values (80006,to_date('05-MAY-18','DD-MON-RR'),2906);
Insert into EDWARDORA.PERSONALCONSULTATIONHISTORY (PC_NO,PC_DATE,PIC_ID) values (80007,to_date('05-MAY-18','DD-MON-RR'),2907);
Insert into EDWARDORA.PERSONALCONSULTATIONHISTORY (PC_NO,PC_DATE,PIC_ID) values (80008,to_date('05-JUN-18','DD-MON-RR'),2901);
Insert into EDWARDORA.PERSONALCONSULTATIONHISTORY (PC_NO,PC_DATE,PIC_ID) values (80010,to_date('02-SEP-18','DD-MON-RR'),2908);
Insert into EDWARDORA.PERSONALCONSULTATIONHISTORY (PC_NO,PC_DATE,PIC_ID) values (80011,to_date('01-SEP-18','DD-MON-RR'),2909);
Insert into EDWARDORA.PERSONALCONSULTATIONHISTORY (PC_NO,PC_DATE,PIC_ID) values (80013,to_date('01-JUN-18','DD-MON-RR'),2910);
Insert into EDWARDORA.PERSONALCONSULTATIONHISTORY (PC_NO,PC_DATE,PIC_ID) values (80014,to_date('08-MAR-18','DD-MON-RR'),2910);
Insert into EDWARDORA.PERSONALCONSULTATIONHISTORY (PC_NO,PC_DATE,PIC_ID) values (80015,to_date('06-FEB-18','DD-MON-RR'),2901);
Insert into EDWARDORA.PERSONALCONSULTATIONHISTORY (PC_NO,PC_DATE,PIC_ID) values (80016,to_date('04-JAN-18','DD-MON-RR'),2901);
Insert into EDWARDORA.PERSONALCONSULTATIONHISTORY (PC_NO,PC_DATE,PIC_ID) values (80017,to_date('03-MAY-18','DD-MON-RR'),2901);
Insert into EDWARDORA.PERSONALCONSULTATIONHISTORY (PC_NO,PC_DATE,PIC_ID) values (80019,to_date('01-APR-18','DD-MON-RR'),2901);
Insert into EDWARDORA.PERSONALCONSULTATIONHISTORY (PC_NO,PC_DATE,PIC_ID) values (80020,to_date('05-MAY-18','DD-MON-RR'),2901);
Insert into EDWARDORA.PERSONALCONSULTATIONHISTORY (PC_NO,PC_DATE,PIC_ID) values (80021,to_date('07-JUN-18','DD-MON-RR'),2903);
Insert into EDWARDORA.PERSONALCONSULTATIONHISTORY (PC_NO,PC_DATE,PIC_ID) values (80022,to_date('09-MAR-18','DD-MON-RR'),2901);
Insert into EDWARDORA.PERSONALCONSULTATIONHISTORY (PC_NO,PC_DATE,PIC_ID) values (80023,to_date('03-JUN-18','DD-MON-RR'),2901);
Insert into EDWARDORA.PERSONALCONSULTATIONHISTORY (PC_NO,PC_DATE,PIC_ID) values (80024,to_date('06-AUG-18','DD-MON-RR'),2902);
Insert into EDWARDORA.PERSONALCONSULTATIONHISTORY (PC_NO,PC_DATE,PIC_ID) values (80025,to_date('03-APR-18','DD-MON-RR'),2904);
Insert into EDWARDORA.PERSONALCONSULTATIONHISTORY (PC_NO,PC_DATE,PIC_ID) values (80027,to_date('09-APR-18','DD-MON-RR'),2904);
Insert into EDWARDORA.PERSONALCONSULTATIONHISTORY (PC_NO,PC_DATE,PIC_ID) values (80028,to_date('26-JUL-18','DD-MON-RR'),2904);
Insert into EDWARDORA.PERSONALCONSULTATIONHISTORY (PC_NO,PC_DATE,PIC_ID) values (80029,to_date('29-APR-18','DD-MON-RR'),2905);
Insert into EDWARDORA.PERSONALCONSULTATIONHISTORY (PC_NO,PC_DATE,PIC_ID) values (80030,to_date('30-JUL-18','DD-MON-RR'),2906);
Insert into EDWARDORA.PERSONALCONSULTATIONHISTORY (PC_NO,PC_DATE,PIC_ID) values (80031,to_date('05-APR-18','DD-MON-RR'),2907);
Insert into EDWARDORA.PERSONALCONSULTATIONHISTORY (PC_NO,PC_DATE,PIC_ID) values (80032,to_date('05-AUG-18','DD-MON-RR'),2908);
Insert into EDWARDORA.PERSONALCONSULTATIONHISTORY (PC_NO,PC_DATE,PIC_ID) values (80033,to_date('05-JUL-18','DD-MON-RR'),2909);
Insert into EDWARDORA.PERSONALCONSULTATIONHISTORY (PC_NO,PC_DATE,PIC_ID) values (80034,to_date('03-JUN-18','DD-MON-RR'),2909);
Insert into EDWARDORA.PERSONALCONSULTATIONHISTORY (PC_NO,PC_DATE,PIC_ID) values (80035,to_date('02-MAY-18','DD-MON-RR'),2909);
Insert into EDWARDORA.PERSONALCONSULTATIONHISTORY (PC_NO,PC_DATE,PIC_ID) values (80037,to_date('05-FEB-18','DD-MON-RR'),2908);
Insert into EDWARDORA.PERSONALCONSULTATIONHISTORY (PC_NO,PC_DATE,PIC_ID) values (80038,to_date('07-JAN-18','DD-MON-RR'),2908);
Insert into EDWARDORA.PERSONALCONSULTATIONHISTORY (PC_NO,PC_DATE,PIC_ID) values (80039,to_date('08-FEB-18','DD-MON-RR'),2908);
Insert into EDWARDORA.PERSONALCONSULTATIONHISTORY (PC_NO,PC_DATE,PIC_ID) values (80041,to_date('24-FEB-18','DD-MON-RR'),2903);
Insert into EDWARDORA.PERSONALCONSULTATIONHISTORY (PC_NO,PC_DATE,PIC_ID) values (80042,to_date('23-MAR-18','DD-MON-RR'),2901);
Insert into EDWARDORA.PERSONALCONSULTATIONHISTORY (PC_NO,PC_DATE,PIC_ID) values (1212,to_date('25-JUN-18','DD-MON-RR'),66);
Insert into EDWARDORA.PERSONALCONSULTATIONHISTORY (PC_NO,PC_DATE,PIC_ID) values (3113,to_date('24-JUN-18','DD-MON-RR'),2910);
REM INSERTING into EDWARDORA.PERSONINCHARGE
SET DEFINE OFF;
Insert into EDWARDORA.PERSONINCHARGE (PIC_ID,FIRST_NAME,LAST_NAME,POSITION) values (33133,'ED','LO','LO');
Insert into EDWARDORA.PERSONINCHARGE (PIC_ID,FIRST_NAME,LAST_NAME,POSITION) values (331555,'6665','5556','13131');
Insert into EDWARDORA.PERSONINCHARGE (PIC_ID,FIRST_NAME,LAST_NAME,POSITION) values (4124234,'edison','edward','dr');
Insert into EDWARDORA.PERSONINCHARGE (PIC_ID,FIRST_NAME,LAST_NAME,POSITION) values (98765456,'admin','admin','admin');
Insert into EDWARDORA.PERSONINCHARGE (PIC_ID,FIRST_NAME,LAST_NAME,POSITION) values (898,'EDWARD','GARCIA','DOCTOR');
Insert into EDWARDORA.PERSONINCHARGE (PIC_ID,FIRST_NAME,LAST_NAME,POSITION) values (11222,'ED','GARCIA','LOKOLOKO');
Insert into EDWARDORA.PERSONINCHARGE (PIC_ID,FIRST_NAME,LAST_NAME,POSITION) values (3,'3','3','3');
Insert into EDWARDORA.PERSONINCHARGE (PIC_ID,FIRST_NAME,LAST_NAME,POSITION) values (4,'4','4','4');
Insert into EDWARDORA.PERSONINCHARGE (PIC_ID,FIRST_NAME,LAST_NAME,POSITION) values (6,'6','6','6');
Insert into EDWARDORA.PERSONINCHARGE (PIC_ID,FIRST_NAME,LAST_NAME,POSITION) values (44,'4','4','4');
Insert into EDWARDORA.PERSONINCHARGE (PIC_ID,FIRST_NAME,LAST_NAME,POSITION) values (66,'66','66','66');
Insert into EDWARDORA.PERSONINCHARGE (PIC_ID,FIRST_NAME,LAST_NAME,POSITION) values (313,'313','313','313');
Insert into EDWARDORA.PERSONINCHARGE (PIC_ID,FIRST_NAME,LAST_NAME,POSITION) values (55,'56','5','5');
Insert into EDWARDORA.PERSONINCHARGE (PIC_ID,FIRST_NAME,LAST_NAME,POSITION) values (767,'767','767','6767');
Insert into EDWARDORA.PERSONINCHARGE (PIC_ID,FIRST_NAME,LAST_NAME,POSITION) values (4352,'edward','LOOPY','Doctor');
Insert into EDWARDORA.PERSONINCHARGE (PIC_ID,FIRST_NAME,LAST_NAME,POSITION) values (2901,'MIKE','TIANCO','DOCTOR');
Insert into EDWARDORA.PERSONINCHARGE (PIC_ID,FIRST_NAME,LAST_NAME,POSITION) values (2902,'MEL','ENRIQUEZ','DOCTOR');
Insert into EDWARDORA.PERSONINCHARGE (PIC_ID,FIRST_NAME,LAST_NAME,POSITION) values (2903,'TED','DAVILLA','DOCTOR');
Insert into EDWARDORA.PERSONINCHARGE (PIC_ID,FIRST_NAME,LAST_NAME,POSITION) values (2904,'KAREN','FAILON','DOCTOR');
Insert into EDWARDORA.PERSONINCHARGE (PIC_ID,FIRST_NAME,LAST_NAME,POSITION) values (2905,'EMA','RAMIREZ','DOCTOR');
Insert into EDWARDORA.PERSONINCHARGE (PIC_ID,FIRST_NAME,LAST_NAME,POSITION) values (2906,'RICHARD','DIZON','NURSE');
Insert into EDWARDORA.PERSONINCHARGE (PIC_ID,FIRST_NAME,LAST_NAME,POSITION) values (2907,'MATTHEW','QUEZON','NURSE');
Insert into EDWARDORA.PERSONINCHARGE (PIC_ID,FIRST_NAME,LAST_NAME,POSITION) values (2908,'JOSE','BONIFACIO','NURSE');
Insert into EDWARDORA.PERSONINCHARGE (PIC_ID,FIRST_NAME,LAST_NAME,POSITION) values (2909,'ANDRES','RIZAL','NURSE');
Insert into EDWARDORA.PERSONINCHARGE (PIC_ID,FIRST_NAME,LAST_NAME,POSITION) values (2910,'MANUEL','ENRILE','NURSE');
Insert into EDWARDORA.PERSONINCHARGE (PIC_ID,FIRST_NAME,LAST_NAME,POSITION) values (2911,'QUIZONE','SITI','NURSE');
Insert into EDWARDORA.PERSONINCHARGE (PIC_ID,FIRST_NAME,LAST_NAME,POSITION) values (1212,'FDEDSDF','EFSDASF','WFESD');
REM INSERTING into EDWARDORA.PHYSICALEXAM
SET DEFINE OFF;
Insert into EDWARDORA.PHYSICALEXAM (PERSON_ID,PE_NO,HEIGHT_FEET,HEIGHT_INCH,HEART_RATE,HEART_SYSTOLIC,HEART_DIASTOLIC,HEART_IRREGULARITIES,PERSON_DIAGNOSIS) values (2015151411,202,6,2,92,70,60,'NONE','NONE');
Insert into EDWARDORA.PHYSICALEXAM (PERSON_ID,PE_NO,HEIGHT_FEET,HEIGHT_INCH,HEART_RATE,HEART_SYSTOLIC,HEART_DIASTOLIC,HEART_IRREGULARITIES,PERSON_DIAGNOSIS) values (2015151411,203,6,5,93,70,60,'NONE','NONE');
Insert into EDWARDORA.PHYSICALEXAM (PERSON_ID,PE_NO,HEIGHT_FEET,HEIGHT_INCH,HEART_RATE,HEART_SYSTOLIC,HEART_DIASTOLIC,HEART_IRREGULARITIES,PERSON_DIAGNOSIS) values (2015151411,12213,5,2,3,4,1,'2','1');
Insert into EDWARDORA.PHYSICALEXAM (PERSON_ID,PE_NO,HEIGHT_FEET,HEIGHT_INCH,HEART_RATE,HEART_SYSTOLIC,HEART_DIASTOLIC,HEART_IRREGULARITIES,PERSON_DIAGNOSIS) values (2015151411,1,5,2,3,4,1,'2','1');
Insert into EDWARDORA.PHYSICALEXAM (PERSON_ID,PE_NO,HEIGHT_FEET,HEIGHT_INCH,HEART_RATE,HEART_SYSTOLIC,HEART_DIASTOLIC,HEART_IRREGULARITIES,PERSON_DIAGNOSIS) values (2015151411,2,5,2,3,4,1,'2','1');
Insert into EDWARDORA.PHYSICALEXAM (PERSON_ID,PE_NO,HEIGHT_FEET,HEIGHT_INCH,HEART_RATE,HEART_SYSTOLIC,HEART_DIASTOLIC,HEART_IRREGULARITIES,PERSON_DIAGNOSIS) values (2015151411,3,5,2,3,4,1,'2','1');
Insert into EDWARDORA.PHYSICALEXAM (PERSON_ID,PE_NO,HEIGHT_FEET,HEIGHT_INCH,HEART_RATE,HEART_SYSTOLIC,HEART_DIASTOLIC,HEART_IRREGULARITIES,PERSON_DIAGNOSIS) values (2015151411,4,5,2,3,4,1,'2','1');
Insert into EDWARDORA.PHYSICALEXAM (PERSON_ID,PE_NO,HEIGHT_FEET,HEIGHT_INCH,HEART_RATE,HEART_SYSTOLIC,HEART_DIASTOLIC,HEART_IRREGULARITIES,PERSON_DIAGNOSIS) values (2015151411,3000008,1,1,2,2,2,'A','B');
Insert into EDWARDORA.PHYSICALEXAM (PERSON_ID,PE_NO,HEIGHT_FEET,HEIGHT_INCH,HEART_RATE,HEART_SYSTOLIC,HEART_DIASTOLIC,HEART_IRREGULARITIES,PERSON_DIAGNOSIS) values (2015151411,5,5,2,3,4,1,'2','1');
Insert into EDWARDORA.PHYSICALEXAM (PERSON_ID,PE_NO,HEIGHT_FEET,HEIGHT_INCH,HEART_RATE,HEART_SYSTOLIC,HEART_DIASTOLIC,HEART_IRREGULARITIES,PERSON_DIAGNOSIS) values (2015111963,3000010,5,7,65,67,60,'NONE','NONE');
Insert into EDWARDORA.PHYSICALEXAM (PERSON_ID,PE_NO,HEIGHT_FEET,HEIGHT_INCH,HEART_RATE,HEART_SYSTOLIC,HEART_DIASTOLIC,HEART_IRREGULARITIES,PERSON_DIAGNOSIS) values (2015120485,3000011,5,8,63,68,60,'NONE','NONE');
Insert into EDWARDORA.PHYSICALEXAM (PERSON_ID,PE_NO,HEIGHT_FEET,HEIGHT_INCH,HEART_RATE,HEART_SYSTOLIC,HEART_DIASTOLIC,HEART_IRREGULARITIES,PERSON_DIAGNOSIS) values (2015104643,3000013,5,5,65,60,60,'NONE','NONE');
Insert into EDWARDORA.PHYSICALEXAM (PERSON_ID,PE_NO,HEIGHT_FEET,HEIGHT_INCH,HEART_RATE,HEART_SYSTOLIC,HEART_DIASTOLIC,HEART_IRREGULARITIES,PERSON_DIAGNOSIS) values (2015140237,3000015,5,2,69,88,60,'NONE','NONE');
Insert into EDWARDORA.PHYSICALEXAM (PERSON_ID,PE_NO,HEIGHT_FEET,HEIGHT_INCH,HEART_RATE,HEART_SYSTOLIC,HEART_DIASTOLIC,HEART_IRREGULARITIES,PERSON_DIAGNOSIS) values (2015111297,3000016,5,1,68,42,60,'NONE','NONE');
Insert into EDWARDORA.PHYSICALEXAM (PERSON_ID,PE_NO,HEIGHT_FEET,HEIGHT_INCH,HEART_RATE,HEART_SYSTOLIC,HEART_DIASTOLIC,HEART_IRREGULARITIES,PERSON_DIAGNOSIS) values (2015170909,3000017,5,3,65,89,60,'NONE','NONE');
Insert into EDWARDORA.PHYSICALEXAM (PERSON_ID,PE_NO,HEIGHT_FEET,HEIGHT_INCH,HEART_RATE,HEART_SYSTOLIC,HEART_DIASTOLIC,HEART_IRREGULARITIES,PERSON_DIAGNOSIS) values (2015111308,3000018,5,5,63,90,60,'NONE','NONE');
Insert into EDWARDORA.PHYSICALEXAM (PERSON_ID,PE_NO,HEIGHT_FEET,HEIGHT_INCH,HEART_RATE,HEART_SYSTOLIC,HEART_DIASTOLIC,HEART_IRREGULARITIES,PERSON_DIAGNOSIS) values (2015107941,3000019,5,7,65,91,60,'NONE','NONE');
Insert into EDWARDORA.PHYSICALEXAM (PERSON_ID,PE_NO,HEIGHT_FEET,HEIGHT_INCH,HEART_RATE,HEART_SYSTOLIC,HEART_DIASTOLIC,HEART_IRREGULARITIES,PERSON_DIAGNOSIS) values (2015110102,3000020,5,9,67,93,60,'NONE','NONE');
Insert into EDWARDORA.PHYSICALEXAM (PERSON_ID,PE_NO,HEIGHT_FEET,HEIGHT_INCH,HEART_RATE,HEART_SYSTOLIC,HEART_DIASTOLIC,HEART_IRREGULARITIES,PERSON_DIAGNOSIS) values (2015107361,3000021,5,8,64,99,60,'NONE','NONE');
Insert into EDWARDORA.PHYSICALEXAM (PERSON_ID,PE_NO,HEIGHT_FEET,HEIGHT_INCH,HEART_RATE,HEART_SYSTOLIC,HEART_DIASTOLIC,HEART_IRREGULARITIES,PERSON_DIAGNOSIS) values (10000000,3000022,6,5,61,70,60,'NONE','NONE');
Insert into EDWARDORA.PHYSICALEXAM (PERSON_ID,PE_NO,HEIGHT_FEET,HEIGHT_INCH,HEART_RATE,HEART_SYSTOLIC,HEART_DIASTOLIC,HEART_IRREGULARITIES,PERSON_DIAGNOSIS) values (10000001,3000023,6,4,62,70,60,'NONE','NONE');
Insert into EDWARDORA.PHYSICALEXAM (PERSON_ID,PE_NO,HEIGHT_FEET,HEIGHT_INCH,HEART_RATE,HEART_SYSTOLIC,HEART_DIASTOLIC,HEART_IRREGULARITIES,PERSON_DIAGNOSIS) values (10000002,3000024,6,4,63,70,60,'NONE','NONE');
Insert into EDWARDORA.PHYSICALEXAM (PERSON_ID,PE_NO,HEIGHT_FEET,HEIGHT_INCH,HEART_RATE,HEART_SYSTOLIC,HEART_DIASTOLIC,HEART_IRREGULARITIES,PERSON_DIAGNOSIS) values (10000003,3000025,6,4,64,70,60,'NONE','NONE');
Insert into EDWARDORA.PHYSICALEXAM (PERSON_ID,PE_NO,HEIGHT_FEET,HEIGHT_INCH,HEART_RATE,HEART_SYSTOLIC,HEART_DIASTOLIC,HEART_IRREGULARITIES,PERSON_DIAGNOSIS) values (10000005,3000027,6,4,66,70,60,'NONE','NONE');
Insert into EDWARDORA.PHYSICALEXAM (PERSON_ID,PE_NO,HEIGHT_FEET,HEIGHT_INCH,HEART_RATE,HEART_SYSTOLIC,HEART_DIASTOLIC,HEART_IRREGULARITIES,PERSON_DIAGNOSIS) values (10000006,3000028,6,6,68,70,60,'NONE','NONE');
Insert into EDWARDORA.PHYSICALEXAM (PERSON_ID,PE_NO,HEIGHT_FEET,HEIGHT_INCH,HEART_RATE,HEART_SYSTOLIC,HEART_DIASTOLIC,HEART_IRREGULARITIES,PERSON_DIAGNOSIS) values (10000007,3000029,6,5,90,70,60,'NONE','NONE');
Insert into EDWARDORA.PHYSICALEXAM (PERSON_ID,PE_NO,HEIGHT_FEET,HEIGHT_INCH,HEART_RATE,HEART_SYSTOLIC,HEART_DIASTOLIC,HEART_IRREGULARITIES,PERSON_DIAGNOSIS) values (10000008,3000030,6,3,97,70,60,'NONE','NONE');
Insert into EDWARDORA.PHYSICALEXAM (PERSON_ID,PE_NO,HEIGHT_FEET,HEIGHT_INCH,HEART_RATE,HEART_SYSTOLIC,HEART_DIASTOLIC,HEART_IRREGULARITIES,PERSON_DIAGNOSIS) values (10000009,3000031,6,4,31,70,60,'NONE','NONE');
Insert into EDWARDORA.PHYSICALEXAM (PERSON_ID,PE_NO,HEIGHT_FEET,HEIGHT_INCH,HEART_RATE,HEART_SYSTOLIC,HEART_DIASTOLIC,HEART_IRREGULARITIES,PERSON_DIAGNOSIS) values (10000010,3000032,6,6,55,70,60,'NONE','NONE');
Insert into EDWARDORA.PHYSICALEXAM (PERSON_ID,PE_NO,HEIGHT_FEET,HEIGHT_INCH,HEART_RATE,HEART_SYSTOLIC,HEART_DIASTOLIC,HEART_IRREGULARITIES,PERSON_DIAGNOSIS) values (10000011,3000033,6,7,75,70,60,'NONE','NONE');
Insert into EDWARDORA.PHYSICALEXAM (PERSON_ID,PE_NO,HEIGHT_FEET,HEIGHT_INCH,HEART_RATE,HEART_SYSTOLIC,HEART_DIASTOLIC,HEART_IRREGULARITIES,PERSON_DIAGNOSIS) values (20000000,3000034,6,8,99,70,60,'NONE','NONE');
Insert into EDWARDORA.PHYSICALEXAM (PERSON_ID,PE_NO,HEIGHT_FEET,HEIGHT_INCH,HEART_RATE,HEART_SYSTOLIC,HEART_DIASTOLIC,HEART_IRREGULARITIES,PERSON_DIAGNOSIS) values (20000001,3000035,6,3,88,70,60,'NONE','NONE');
Insert into EDWARDORA.PHYSICALEXAM (PERSON_ID,PE_NO,HEIGHT_FEET,HEIGHT_INCH,HEART_RATE,HEART_SYSTOLIC,HEART_DIASTOLIC,HEART_IRREGULARITIES,PERSON_DIAGNOSIS) values (20000002,3000036,8,3,77,212,60,'NONE','NONE');
Insert into EDWARDORA.PHYSICALEXAM (PERSON_ID,PE_NO,HEIGHT_FEET,HEIGHT_INCH,HEART_RATE,HEART_SYSTOLIC,HEART_DIASTOLIC,HEART_IRREGULARITIES,PERSON_DIAGNOSIS) values (20000004,3000038,6,2,43,70,60,'NONE','NONE');
Insert into EDWARDORA.PHYSICALEXAM (PERSON_ID,PE_NO,HEIGHT_FEET,HEIGHT_INCH,HEART_RATE,HEART_SYSTOLIC,HEART_DIASTOLIC,HEART_IRREGULARITIES,PERSON_DIAGNOSIS) values (20000005,3000039,6,4,57,70,60,'NONE','NONE');
Insert into EDWARDORA.PHYSICALEXAM (PERSON_ID,PE_NO,HEIGHT_FEET,HEIGHT_INCH,HEART_RATE,HEART_SYSTOLIC,HEART_DIASTOLIC,HEART_IRREGULARITIES,PERSON_DIAGNOSIS) values (20000006,3000040,888,6,423342,70,60,'fghtgyhgedrfchng','NONE');
Insert into EDWARDORA.PHYSICALEXAM (PERSON_ID,PE_NO,HEIGHT_FEET,HEIGHT_INCH,HEART_RATE,HEART_SYSTOLIC,HEART_DIASTOLIC,HEART_IRREGULARITIES,PERSON_DIAGNOSIS) values (20000007,3000041,6,2,92,70,60,'NONE','NONE');
Insert into EDWARDORA.PHYSICALEXAM (PERSON_ID,PE_NO,HEIGHT_FEET,HEIGHT_INCH,HEART_RATE,HEART_SYSTOLIC,HEART_DIASTOLIC,HEART_IRREGULARITIES,PERSON_DIAGNOSIS) values (20000008,3000042,6,5,93,70,60,'NONE','NONE');
Insert into EDWARDORA.PHYSICALEXAM (PERSON_ID,PE_NO,HEIGHT_FEET,HEIGHT_INCH,HEART_RATE,HEART_SYSTOLIC,HEART_DIASTOLIC,HEART_IRREGULARITIES,PERSON_DIAGNOSIS) values (7281164,2441,122,123,31,2133,3,'DFCXVD','DFFV');
Insert into EDWARDORA.PHYSICALEXAM (PERSON_ID,PE_NO,HEIGHT_FEET,HEIGHT_INCH,HEART_RATE,HEART_SYSTOLIC,HEART_DIASTOLIC,HEART_IRREGULARITIES,PERSON_DIAGNOSIS) values (12134556,554,21,22,22,22,22,'A','A');
Insert into EDWARDORA.PHYSICALEXAM (PERSON_ID,PE_NO,HEIGHT_FEET,HEIGHT_INCH,HEART_RATE,HEART_SYSTOLIC,HEART_DIASTOLIC,HEART_IRREGULARITIES,PERSON_DIAGNOSIS) values (12134556,5542,21,22,22,22,22,'A','A');
REM INSERTING into EDWARDORA.PHYSICALEXAMHISTORY
SET DEFINE OFF;
Insert into EDWARDORA.PHYSICALEXAMHISTORY (PE_NO,PE_DATE,PIC_ID) values (2,to_date('23-JUN-18','DD-MON-RR'),2905);
Insert into EDWARDORA.PHYSICALEXAMHISTORY (PE_NO,PE_DATE,PIC_ID) values (12213,to_date('23-JUN-18','DD-MON-RR'),2905);
Insert into EDWARDORA.PHYSICALEXAMHISTORY (PE_NO,PE_DATE,PIC_ID) values (1,to_date('23-JUN-18','DD-MON-RR'),2905);
Insert into EDWARDORA.PHYSICALEXAMHISTORY (PE_NO,PE_DATE,PIC_ID) values (3,to_date('23-JUN-18','DD-MON-RR'),2905);
Insert into EDWARDORA.PHYSICALEXAMHISTORY (PE_NO,PE_DATE,PIC_ID) values (4,to_date('23-JUN-18','DD-MON-RR'),2905);
Insert into EDWARDORA.PHYSICALEXAMHISTORY (PE_NO,PE_DATE,PIC_ID) values (5,to_date('23-JUN-18','DD-MON-RR'),2905);
Insert into EDWARDORA.PHYSICALEXAMHISTORY (PE_NO,PE_DATE,PIC_ID) values (2441,to_date('24-JUN-18','DD-MON-RR'),2911);
Insert into EDWARDORA.PHYSICALEXAMHISTORY (PE_NO,PE_DATE,PIC_ID) values (554,to_date('25-JUN-18','DD-MON-RR'),3);
Insert into EDWARDORA.PHYSICALEXAMHISTORY (PE_NO,PE_DATE,PIC_ID) values (5542,to_date('25-JUN-18','DD-MON-RR'),3);
Insert into EDWARDORA.PHYSICALEXAMHISTORY (PE_NO,PE_DATE,PIC_ID) values (3000008,to_date('29-MAR-18','DD-MON-RR'),2906);
Insert into EDWARDORA.PHYSICALEXAMHISTORY (PE_NO,PE_DATE,PIC_ID) values (3000010,to_date('02-APR-18','DD-MON-RR'),2908);
Insert into EDWARDORA.PHYSICALEXAMHISTORY (PE_NO,PE_DATE,PIC_ID) values (3000011,to_date('02-APR-18','DD-MON-RR'),2909);
Insert into EDWARDORA.PHYSICALEXAMHISTORY (PE_NO,PE_DATE,PIC_ID) values (3000013,to_date('05-MAY-18','DD-MON-RR'),2911);
Insert into EDWARDORA.PHYSICALEXAMHISTORY (PE_NO,PE_DATE,PIC_ID) values (3000015,to_date('03-MAR-18','DD-MON-RR'),2911);
Insert into EDWARDORA.PHYSICALEXAMHISTORY (PE_NO,PE_DATE,PIC_ID) values (3000016,to_date('03-MAR-18','DD-MON-RR'),2911);
Insert into EDWARDORA.PHYSICALEXAMHISTORY (PE_NO,PE_DATE,PIC_ID) values (3000017,to_date('03-MAR-18','DD-MON-RR'),2901);
Insert into EDWARDORA.PHYSICALEXAMHISTORY (PE_NO,PE_DATE,PIC_ID) values (3000018,to_date('03-MAR-18','DD-MON-RR'),2901);
Insert into EDWARDORA.PHYSICALEXAMHISTORY (PE_NO,PE_DATE,PIC_ID) values (3000019,to_date('03-MAR-18','DD-MON-RR'),2901);
Insert into EDWARDORA.PHYSICALEXAMHISTORY (PE_NO,PE_DATE,PIC_ID) values (3000020,to_date('03-MAR-18','DD-MON-RR'),2901);
Insert into EDWARDORA.PHYSICALEXAMHISTORY (PE_NO,PE_DATE,PIC_ID) values (3000021,to_date('03-MAR-18','DD-MON-RR'),2901);
Insert into EDWARDORA.PHYSICALEXAMHISTORY (PE_NO,PE_DATE,PIC_ID) values (3000022,to_date('03-MAR-18','DD-MON-RR'),2902);
Insert into EDWARDORA.PHYSICALEXAMHISTORY (PE_NO,PE_DATE,PIC_ID) values (3000023,to_date('03-MAR-18','DD-MON-RR'),2902);
Insert into EDWARDORA.PHYSICALEXAMHISTORY (PE_NO,PE_DATE,PIC_ID) values (3000024,to_date('03-MAY-18','DD-MON-RR'),2902);
Insert into EDWARDORA.PHYSICALEXAMHISTORY (PE_NO,PE_DATE,PIC_ID) values (3000025,to_date('03-MAY-18','DD-MON-RR'),2902);
Insert into EDWARDORA.PHYSICALEXAMHISTORY (PE_NO,PE_DATE,PIC_ID) values (3000027,to_date('02-MAY-18','DD-MON-RR'),2904);
Insert into EDWARDORA.PHYSICALEXAMHISTORY (PE_NO,PE_DATE,PIC_ID) values (3000028,to_date('02-MAY-18','DD-MON-RR'),2905);
Insert into EDWARDORA.PHYSICALEXAMHISTORY (PE_NO,PE_DATE,PIC_ID) values (3000029,to_date('02-MAY-18','DD-MON-RR'),2906);
Insert into EDWARDORA.PHYSICALEXAMHISTORY (PE_NO,PE_DATE,PIC_ID) values (3000030,to_date('01-APR-18','DD-MON-RR'),2907);
Insert into EDWARDORA.PHYSICALEXAMHISTORY (PE_NO,PE_DATE,PIC_ID) values (3000031,to_date('01-APR-18','DD-MON-RR'),2908);
Insert into EDWARDORA.PHYSICALEXAMHISTORY (PE_NO,PE_DATE,PIC_ID) values (3000032,to_date('01-APR-18','DD-MON-RR'),2909);
Insert into EDWARDORA.PHYSICALEXAMHISTORY (PE_NO,PE_DATE,PIC_ID) values (3000033,to_date('02-APR-18','DD-MON-RR'),2909);
Insert into EDWARDORA.PHYSICALEXAMHISTORY (PE_NO,PE_DATE,PIC_ID) values (3000034,to_date('02-APR-18','DD-MON-RR'),2910);
Insert into EDWARDORA.PHYSICALEXAMHISTORY (PE_NO,PE_DATE,PIC_ID) values (3000035,to_date('02-APR-18','DD-MON-RR'),2911);
Insert into EDWARDORA.PHYSICALEXAMHISTORY (PE_NO,PE_DATE,PIC_ID) values (3000036,to_date('27-MAR-18','DD-MON-RR'),2901);
Insert into EDWARDORA.PHYSICALEXAMHISTORY (PE_NO,PE_DATE,PIC_ID) values (3000038,to_date('23-FEB-18','DD-MON-RR'),2901);
Insert into EDWARDORA.PHYSICALEXAMHISTORY (PE_NO,PE_DATE,PIC_ID) values (3000039,to_date('22-JAN-18','DD-MON-RR'),2904);
Insert into EDWARDORA.PHYSICALEXAMHISTORY (PE_NO,PE_DATE,PIC_ID) values (3000040,to_date('21-JAN-18','DD-MON-RR'),2903);
Insert into EDWARDORA.PHYSICALEXAMHISTORY (PE_NO,PE_DATE,PIC_ID) values (3000041,to_date('02-MAR-18','DD-MON-RR'),2902);
Insert into EDWARDORA.PHYSICALEXAMHISTORY (PE_NO,PE_DATE,PIC_ID) values (3000042,to_date('02-MAR-18','DD-MON-RR'),2902);
REM INSERTING into EDWARDORA.TYPE
SET DEFINE OFF;
Insert into EDWARDORA.TYPE (TYPE_ID,TYPE_NAME) values (1,'STUDENT');
Insert into EDWARDORA.TYPE (TYPE_ID,TYPE_NAME) values (2,'FACULTY');
REM INSERTING into EDWARDORA.STUDENT
SET DEFINE OFF;
Insert into EDWARDORA.STUDENT (PERSON_ID,COURSE_ID,TYPE_ID,STUDENT_YEAR) values (2214,100,1,3);
Insert into EDWARDORA.STUDENT (PERSON_ID,COURSE_ID,TYPE_ID,STUDENT_YEAR) values (2015107159,100,1,2);
Insert into EDWARDORA.STUDENT (PERSON_ID,COURSE_ID,TYPE_ID,STUDENT_YEAR) values (2015106152,102,1,2);
Insert into EDWARDORA.STUDENT (PERSON_ID,COURSE_ID,TYPE_ID,STUDENT_YEAR) values (2015111028,132,1,2);
Insert into EDWARDORA.STUDENT (PERSON_ID,COURSE_ID,TYPE_ID,STUDENT_YEAR) values (2015107415,120,1,1);
Insert into EDWARDORA.STUDENT (PERSON_ID,COURSE_ID,TYPE_ID,STUDENT_YEAR) values (2015151411,131,1,1);
Insert into EDWARDORA.STUDENT (PERSON_ID,COURSE_ID,TYPE_ID,STUDENT_YEAR) values (2015111989,116,1,4);
Insert into EDWARDORA.STUDENT (PERSON_ID,COURSE_ID,TYPE_ID,STUDENT_YEAR) values (2015111963,102,1,4);
Insert into EDWARDORA.STUDENT (PERSON_ID,COURSE_ID,TYPE_ID,STUDENT_YEAR) values (2015120485,103,1,4);
Insert into EDWARDORA.STUDENT (PERSON_ID,COURSE_ID,TYPE_ID,STUDENT_YEAR) values (2015107654,104,1,2);
Insert into EDWARDORA.STUDENT (PERSON_ID,COURSE_ID,TYPE_ID,STUDENT_YEAR) values (2015104643,106,1,3);
Insert into EDWARDORA.STUDENT (PERSON_ID,COURSE_ID,TYPE_ID,STUDENT_YEAR) values (2015112905,108,1,3);
Insert into EDWARDORA.STUDENT (PERSON_ID,COURSE_ID,TYPE_ID,STUDENT_YEAR) values (2015140237,130,1,2);
Insert into EDWARDORA.STUDENT (PERSON_ID,COURSE_ID,TYPE_ID,STUDENT_YEAR) values (2015111297,105,1,1);
Insert into EDWARDORA.STUDENT (PERSON_ID,COURSE_ID,TYPE_ID,STUDENT_YEAR) values (2015170909,103,1,2);
Insert into EDWARDORA.STUDENT (PERSON_ID,COURSE_ID,TYPE_ID,STUDENT_YEAR) values (2015111308,102,1,3);
Insert into EDWARDORA.STUDENT (PERSON_ID,COURSE_ID,TYPE_ID,STUDENT_YEAR) values (2015107941,101,1,3);
Insert into EDWARDORA.STUDENT (PERSON_ID,COURSE_ID,TYPE_ID,STUDENT_YEAR) values (2015110102,100,1,3);
Insert into EDWARDORA.STUDENT (PERSON_ID,COURSE_ID,TYPE_ID,STUDENT_YEAR) values (2015107361,100,1,2);
Insert into EDWARDORA.STUDENT (PERSON_ID,COURSE_ID,TYPE_ID,STUDENT_YEAR) values (33433,103,1,4);
Insert into EDWARDORA.STUDENT (PERSON_ID,COURSE_ID,TYPE_ID,STUDENT_YEAR) values (331244,100,1,3);
Insert into EDWARDORA.STUDENT (PERSON_ID,COURSE_ID,TYPE_ID,STUDENT_YEAR) values (12345678,104,1,4);
Insert into EDWARDORA.STUDENT (PERSON_ID,COURSE_ID,TYPE_ID,STUDENT_YEAR) values (2,104,1,2);
Insert into EDWARDORA.STUDENT (PERSON_ID,COURSE_ID,TYPE_ID,STUDENT_YEAR) values (56757745131,102,1,4);
Insert into EDWARDORA.STUDENT (PERSON_ID,COURSE_ID,TYPE_ID,STUDENT_YEAR) values (1414466,100,1,3);
Insert into EDWARDORA.STUDENT (PERSON_ID,COURSE_ID,TYPE_ID,STUDENT_YEAR) values (2425,100,1,3);
Insert into EDWARDORA.STUDENT (PERSON_ID,COURSE_ID,TYPE_ID,STUDENT_YEAR) values (2426,100,1,3);
Insert into EDWARDORA.STUDENT (PERSON_ID,COURSE_ID,TYPE_ID,STUDENT_YEAR) values (2427,100,1,3);
Insert into EDWARDORA.STUDENT (PERSON_ID,COURSE_ID,TYPE_ID,STUDENT_YEAR) values (42353,100,1,3);
Insert into EDWARDORA.STUDENT (PERSON_ID,COURSE_ID,TYPE_ID,STUDENT_YEAR) values (42352,100,1,3);
Insert into EDWARDORA.STUDENT (PERSON_ID,COURSE_ID,TYPE_ID,STUDENT_YEAR) values (60601,105,1,4);
Insert into EDWARDORA.STUDENT (PERSON_ID,COURSE_ID,TYPE_ID,STUDENT_YEAR) values (60602,104,1,3);
Insert into EDWARDORA.STUDENT (PERSON_ID,COURSE_ID,TYPE_ID,STUDENT_YEAR) values (60603,103,1,4);
Insert into EDWARDORA.STUDENT (PERSON_ID,COURSE_ID,TYPE_ID,STUDENT_YEAR) values (60604,104,1,3);
Insert into EDWARDORA.STUDENT (PERSON_ID,COURSE_ID,TYPE_ID,STUDENT_YEAR) values (1246,103,1,3);
Insert into EDWARDORA.STUDENT (PERSON_ID,COURSE_ID,TYPE_ID,STUDENT_YEAR) values (12567,103,1,4);
Insert into EDWARDORA.STUDENT (PERSON_ID,COURSE_ID,TYPE_ID,STUDENT_YEAR) values (12578,105,1,3);
Insert into EDWARDORA.STUDENT (PERSON_ID,COURSE_ID,TYPE_ID,STUDENT_YEAR) values (12134556,101,1,3);
Insert into EDWARDORA.STUDENT (PERSON_ID,COURSE_ID,TYPE_ID,STUDENT_YEAR) values (121345561,101,1,3);
Insert into EDWARDORA.STUDENT (PERSON_ID,COURSE_ID,TYPE_ID,STUDENT_YEAR) values (862365,103,1,3);
Insert into EDWARDORA.STUDENT (PERSON_ID,COURSE_ID,TYPE_ID,STUDENT_YEAR) values (1121237,101,1,4);
Insert into EDWARDORA.STUDENT (PERSON_ID,COURSE_ID,TYPE_ID,STUDENT_YEAR) values (7281164,101,1,4);
Insert into EDWARDORA.STUDENT (PERSON_ID,COURSE_ID,TYPE_ID,STUDENT_YEAR) values (13113,103,1,3);
Insert into EDWARDORA.STUDENT (PERSON_ID,COURSE_ID,TYPE_ID,STUDENT_YEAR) values (991831,101,1,1);
--------------------------------------------------------
--  DDL for Index SYS_C007874
--------------------------------------------------------

  CREATE UNIQUE INDEX "EDWARDORA"."SYS_C007874" ON "EDWARDORA"."CLINIC" ("PERSON_ID") 
  PCTFREE 10 INITRANS 2 MAXTRANS 255 COMPUTE STATISTICS 
  STORAGE(INITIAL 65536 NEXT 1048576 MINEXTENTS 1 MAXEXTENTS 2147483645
  PCTINCREASE 0 FREELISTS 1 FREELIST GROUPS 1 BUFFER_POOL DEFAULT FLASH_CACHE DEFAULT CELL_FLASH_CACHE DEFAULT)
  TABLESPACE "USERS" ;
--------------------------------------------------------
--  DDL for Index SYS_C007883
--------------------------------------------------------

  CREATE UNIQUE INDEX "EDWARDORA"."SYS_C007883" ON "EDWARDORA"."INFORMATION" ("PERSON_ID") 
  PCTFREE 10 INITRANS 2 MAXTRANS 255 COMPUTE STATISTICS 
  STORAGE(INITIAL 65536 NEXT 1048576 MINEXTENTS 1 MAXEXTENTS 2147483645
  PCTINCREASE 0 FREELISTS 1 FREELIST GROUPS 1 BUFFER_POOL DEFAULT FLASH_CACHE DEFAULT CELL_FLASH_CACHE DEFAULT)
  TABLESPACE "USERS" ;
--------------------------------------------------------
--  DDL for Index SYS_C007884
--------------------------------------------------------

  CREATE UNIQUE INDEX "EDWARDORA"."SYS_C007884" ON "EDWARDORA"."INFORMATION" ("GUARDIAN_ID") 
  PCTFREE 10 INITRANS 2 MAXTRANS 255 COMPUTE STATISTICS 
  STORAGE(INITIAL 65536 NEXT 1048576 MINEXTENTS 1 MAXEXTENTS 2147483645
  PCTINCREASE 0 FREELISTS 1 FREELIST GROUPS 1 BUFFER_POOL DEFAULT FLASH_CACHE DEFAULT CELL_FLASH_CACHE DEFAULT)
  TABLESPACE "USERS" ;
--------------------------------------------------------
--  DDL for Index SYS_C007891
--------------------------------------------------------

  CREATE UNIQUE INDEX "EDWARDORA"."SYS_C007891" ON "EDWARDORA"."GUARDIAN" ("GUARDIAN_ID") 
  PCTFREE 10 INITRANS 2 MAXTRANS 255 COMPUTE STATISTICS 
  STORAGE(INITIAL 65536 NEXT 1048576 MINEXTENTS 1 MAXEXTENTS 2147483645
  PCTINCREASE 0 FREELISTS 1 FREELIST GROUPS 1 BUFFER_POOL DEFAULT FLASH_CACHE DEFAULT CELL_FLASH_CACHE DEFAULT)
  TABLESPACE "USERS" ;
--------------------------------------------------------
--  DDL for Index SYS_C007909
--------------------------------------------------------

  CREATE UNIQUE INDEX "EDWARDORA"."SYS_C007909" ON "EDWARDORA"."FACULTYJOBS" ("FACULTY_ID") 
  PCTFREE 10 INITRANS 2 MAXTRANS 255 COMPUTE STATISTICS 
  STORAGE(INITIAL 65536 NEXT 1048576 MINEXTENTS 1 MAXEXTENTS 2147483645
  PCTINCREASE 0 FREELISTS 1 FREELIST GROUPS 1 BUFFER_POOL DEFAULT FLASH_CACHE DEFAULT CELL_FLASH_CACHE DEFAULT)
  TABLESPACE "USERS" ;
--------------------------------------------------------
--  DDL for Index SYS_C008075
--------------------------------------------------------

  CREATE UNIQUE INDEX "EDWARDORA"."SYS_C008075" ON "EDWARDORA"."FACULTY" ("PERSON_ID") 
  PCTFREE 10 INITRANS 2 MAXTRANS 255 COMPUTE STATISTICS 
  STORAGE(INITIAL 65536 NEXT 1048576 MINEXTENTS 1 MAXEXTENTS 2147483645
  PCTINCREASE 0 FREELISTS 1 FREELIST GROUPS 1 BUFFER_POOL DEFAULT FLASH_CACHE DEFAULT CELL_FLASH_CACHE DEFAULT)
  TABLESPACE "USERS" ;
--------------------------------------------------------
--  DDL for Index SYS_C008035
--------------------------------------------------------

  CREATE UNIQUE INDEX "EDWARDORA"."SYS_C008035" ON "EDWARDORA"."ACCOUNT" ("PIC_ID") 
  PCTFREE 10 INITRANS 2 MAXTRANS 255 COMPUTE STATISTICS 
  STORAGE(INITIAL 65536 NEXT 1048576 MINEXTENTS 1 MAXEXTENTS 2147483645
  PCTINCREASE 0 FREELISTS 1 FREELIST GROUPS 1 BUFFER_POOL DEFAULT FLASH_CACHE DEFAULT CELL_FLASH_CACHE DEFAULT)
  TABLESPACE "USERS" ;
--------------------------------------------------------
--  DDL for Index SYS_C007899
--------------------------------------------------------

  CREATE UNIQUE INDEX "EDWARDORA"."SYS_C007899" ON "EDWARDORA"."COURSE" ("COURSE_ID") 
  PCTFREE 10 INITRANS 2 MAXTRANS 255 COMPUTE STATISTICS 
  STORAGE(INITIAL 65536 NEXT 1048576 MINEXTENTS 1 MAXEXTENTS 2147483645
  PCTINCREASE 0 FREELISTS 1 FREELIST GROUPS 1 BUFFER_POOL DEFAULT FLASH_CACHE DEFAULT CELL_FLASH_CACHE DEFAULT)
  TABLESPACE "USERS" ;
--------------------------------------------------------
--  DDL for Index SYS_C007956
--------------------------------------------------------

  CREATE UNIQUE INDEX "EDWARDORA"."SYS_C007956" ON "EDWARDORA"."DIAGNOSIS" ("D_NO") 
  PCTFREE 10 INITRANS 2 MAXTRANS 255 COMPUTE STATISTICS 
  STORAGE(INITIAL 65536 NEXT 1048576 MINEXTENTS 1 MAXEXTENTS 2147483645
  PCTINCREASE 0 FREELISTS 1 FREELIST GROUPS 1 BUFFER_POOL DEFAULT FLASH_CACHE DEFAULT CELL_FLASH_CACHE DEFAULT)
  TABLESPACE "USERS" ;
--------------------------------------------------------
--  DDL for Index SYS_C007961
--------------------------------------------------------

  CREATE UNIQUE INDEX "EDWARDORA"."SYS_C007961" ON "EDWARDORA"."DIAGNOSISHISTORY" ("D_NO") 
  PCTFREE 10 INITRANS 2 MAXTRANS 255 COMPUTE STATISTICS 
  STORAGE(INITIAL 65536 NEXT 1048576 MINEXTENTS 1 MAXEXTENTS 2147483645
  PCTINCREASE 0 FREELISTS 1 FREELIST GROUPS 1 BUFFER_POOL DEFAULT FLASH_CACHE DEFAULT CELL_FLASH_CACHE DEFAULT)
  TABLESPACE "USERS" ;
--------------------------------------------------------
--  DDL for Index SYS_C007946
--------------------------------------------------------

  CREATE UNIQUE INDEX "EDWARDORA"."SYS_C007946" ON "EDWARDORA"."PERSONALCONSULTATION" ("PC_NO") 
  PCTFREE 10 INITRANS 2 MAXTRANS 255 COMPUTE STATISTICS 
  STORAGE(INITIAL 65536 NEXT 1048576 MINEXTENTS 1 MAXEXTENTS 2147483645
  PCTINCREASE 0 FREELISTS 1 FREELIST GROUPS 1 BUFFER_POOL DEFAULT FLASH_CACHE DEFAULT CELL_FLASH_CACHE DEFAULT)
  TABLESPACE "USERS" ;
--------------------------------------------------------
--  DDL for Index SYS_C007951
--------------------------------------------------------

  CREATE UNIQUE INDEX "EDWARDORA"."SYS_C007951" ON "EDWARDORA"."PERSONALCONSULTATIONHISTORY" ("PC_NO") 
  PCTFREE 10 INITRANS 2 MAXTRANS 255 COMPUTE STATISTICS 
  STORAGE(INITIAL 65536 NEXT 1048576 MINEXTENTS 1 MAXEXTENTS 2147483645
  PCTINCREASE 0 FREELISTS 1 FREELIST GROUPS 1 BUFFER_POOL DEFAULT FLASH_CACHE DEFAULT CELL_FLASH_CACHE DEFAULT)
  TABLESPACE "USERS" ;
--------------------------------------------------------
--  DDL for Index SYS_C007933
--------------------------------------------------------

  CREATE UNIQUE INDEX "EDWARDORA"."SYS_C007933" ON "EDWARDORA"."PERSONINCHARGE" ("PIC_ID") 
  PCTFREE 10 INITRANS 2 MAXTRANS 255 COMPUTE STATISTICS 
  STORAGE(INITIAL 65536 NEXT 1048576 MINEXTENTS 1 MAXEXTENTS 2147483645
  PCTINCREASE 0 FREELISTS 1 FREELIST GROUPS 1 BUFFER_POOL DEFAULT FLASH_CACHE DEFAULT CELL_FLASH_CACHE DEFAULT)
  TABLESPACE "USERS" ;
--------------------------------------------------------
--  DDL for Index SYS_C007930
--------------------------------------------------------

  CREATE UNIQUE INDEX "EDWARDORA"."SYS_C007930" ON "EDWARDORA"."PHYSICALEXAM" ("PE_NO") 
  PCTFREE 10 INITRANS 2 MAXTRANS 255 COMPUTE STATISTICS 
  STORAGE(INITIAL 65536 NEXT 1048576 MINEXTENTS 1 MAXEXTENTS 2147483645
  PCTINCREASE 0 FREELISTS 1 FREELIST GROUPS 1 BUFFER_POOL DEFAULT FLASH_CACHE DEFAULT CELL_FLASH_CACHE DEFAULT)
  TABLESPACE "USERS" ;
--------------------------------------------------------
--  DDL for Index SYS_C007937
--------------------------------------------------------

  CREATE UNIQUE INDEX "EDWARDORA"."SYS_C007937" ON "EDWARDORA"."PHYSICALEXAMHISTORY" ("PE_NO") 
  PCTFREE 10 INITRANS 2 MAXTRANS 255 COMPUTE STATISTICS 
  STORAGE(INITIAL 65536 NEXT 1048576 MINEXTENTS 1 MAXEXTENTS 2147483645
  PCTINCREASE 0 FREELISTS 1 FREELIST GROUPS 1 BUFFER_POOL DEFAULT FLASH_CACHE DEFAULT CELL_FLASH_CACHE DEFAULT)
  TABLESPACE "USERS" ;
--------------------------------------------------------
--  DDL for Index SYS_C007895
--------------------------------------------------------

  CREATE UNIQUE INDEX "EDWARDORA"."SYS_C007895" ON "EDWARDORA"."TYPE" ("TYPE_ID") 
  PCTFREE 10 INITRANS 2 MAXTRANS 255 COMPUTE STATISTICS 
  STORAGE(INITIAL 65536 NEXT 1048576 MINEXTENTS 1 MAXEXTENTS 2147483645
  PCTINCREASE 0 FREELISTS 1 FREELIST GROUPS 1 BUFFER_POOL DEFAULT FLASH_CACHE DEFAULT CELL_FLASH_CACHE DEFAULT)
  TABLESPACE "USERS" ;
--------------------------------------------------------
--  DDL for Index SYS_C007904
--------------------------------------------------------

  CREATE UNIQUE INDEX "EDWARDORA"."SYS_C007904" ON "EDWARDORA"."STUDENT" ("PERSON_ID") 
  PCTFREE 10 INITRANS 2 MAXTRANS 255 COMPUTE STATISTICS 
  STORAGE(INITIAL 65536 NEXT 1048576 MINEXTENTS 1 MAXEXTENTS 2147483645
  PCTINCREASE 0 FREELISTS 1 FREELIST GROUPS 1 BUFFER_POOL DEFAULT FLASH_CACHE DEFAULT CELL_FLASH_CACHE DEFAULT)
  TABLESPACE "USERS" ;
--------------------------------------------------------
--  DDL for Trigger TRI_PRACTICAL
--------------------------------------------------------

  CREATE OR REPLACE TRIGGER "EDWARDORA"."TRI_PRACTICAL" 
AFTER INSERT OR UPDATE OR DELETE ON CLINIC
FOR EACH ROW

BEGIN
IF INSERTING THEN DBMS_OUTPUT.PUT_LINE('YOU INSERTED SOMETHING DID YOU NOT?');
ELSIF UPDATING THEN DBMS_OUTPUT.PUT_LINE ('WHAT DID YOU UPDATE THIS TIME?'||:OLD.FIRST_NAME||' '||:NEW.FIRST_NAME);
ELSIF DELETING THEN DBMS_OUTPUT.PUT_LINE ('JUST LIKE OUR RELATIONSHIP... YOU DELETED IT');
END IF;
END;
/
ALTER TRIGGER "EDWARDORA"."TRI_PRACTICAL" ENABLE;
--------------------------------------------------------
--  DDL for Synonymn DBMS_OUTPUT
--------------------------------------------------------

  CREATE OR REPLACE PUBLIC SYNONYM "DBMS_OUTPUT" FOR "SYS"."DBMS_OUTPUT";
--------------------------------------------------------
--  Constraints for Table CLINIC
--------------------------------------------------------

  ALTER TABLE "EDWARDORA"."CLINIC" ADD PRIMARY KEY ("PERSON_ID")
  USING INDEX PCTFREE 10 INITRANS 2 MAXTRANS 255 COMPUTE STATISTICS 
  STORAGE(INITIAL 65536 NEXT 1048576 MINEXTENTS 1 MAXEXTENTS 2147483645
  PCTINCREASE 0 FREELISTS 1 FREELIST GROUPS 1 BUFFER_POOL DEFAULT FLASH_CACHE DEFAULT CELL_FLASH_CACHE DEFAULT)
  TABLESPACE "USERS"  ENABLE;
  ALTER TABLE "EDWARDORA"."CLINIC" MODIFY ("LAST_NAME" NOT NULL ENABLE);
  ALTER TABLE "EDWARDORA"."CLINIC" MODIFY ("FIRST_NAME" NOT NULL ENABLE);
  ALTER TABLE "EDWARDORA"."CLINIC" MODIFY ("TYPE_ID" NOT NULL ENABLE);
  ALTER TABLE "EDWARDORA"."CLINIC" MODIFY ("PERSON_ID" NOT NULL ENABLE);
--------------------------------------------------------
--  Constraints for Table INFORMATION
--------------------------------------------------------

  ALTER TABLE "EDWARDORA"."INFORMATION" ADD UNIQUE ("GUARDIAN_ID")
  USING INDEX PCTFREE 10 INITRANS 2 MAXTRANS 255 COMPUTE STATISTICS 
  STORAGE(INITIAL 65536 NEXT 1048576 MINEXTENTS 1 MAXEXTENTS 2147483645
  PCTINCREASE 0 FREELISTS 1 FREELIST GROUPS 1 BUFFER_POOL DEFAULT FLASH_CACHE DEFAULT CELL_FLASH_CACHE DEFAULT)
  TABLESPACE "USERS"  ENABLE;
  ALTER TABLE "EDWARDORA"."INFORMATION" ADD PRIMARY KEY ("PERSON_ID")
  USING INDEX PCTFREE 10 INITRANS 2 MAXTRANS 255 COMPUTE STATISTICS 
  STORAGE(INITIAL 65536 NEXT 1048576 MINEXTENTS 1 MAXEXTENTS 2147483645
  PCTINCREASE 0 FREELISTS 1 FREELIST GROUPS 1 BUFFER_POOL DEFAULT FLASH_CACHE DEFAULT CELL_FLASH_CACHE DEFAULT)
  TABLESPACE "USERS"  ENABLE;
  ALTER TABLE "EDWARDORA"."INFORMATION" MODIFY ("CAMPUS" NOT NULL ENABLE);
  ALTER TABLE "EDWARDORA"."INFORMATION" MODIFY ("CITY" NOT NULL ENABLE);
  ALTER TABLE "EDWARDORA"."INFORMATION" MODIFY ("BIRTH_DATE" NOT NULL ENABLE);
  ALTER TABLE "EDWARDORA"."INFORMATION" MODIFY ("BIRTH_NATIONALITY" NOT NULL ENABLE);
  ALTER TABLE "EDWARDORA"."INFORMATION" MODIFY ("GENDER" NOT NULL ENABLE);
  ALTER TABLE "EDWARDORA"."INFORMATION" MODIFY ("MOBILE_NO" NOT NULL ENABLE);
  ALTER TABLE "EDWARDORA"."INFORMATION" MODIFY ("GUARDIAN_ID" NOT NULL ENABLE);
  ALTER TABLE "EDWARDORA"."INFORMATION" MODIFY ("PERSON_ID" NOT NULL ENABLE);
--------------------------------------------------------
--  Constraints for Table GUARDIAN
--------------------------------------------------------

  ALTER TABLE "EDWARDORA"."GUARDIAN" ADD PRIMARY KEY ("GUARDIAN_ID")
  USING INDEX PCTFREE 10 INITRANS 2 MAXTRANS 255 COMPUTE STATISTICS 
  STORAGE(INITIAL 65536 NEXT 1048576 MINEXTENTS 1 MAXEXTENTS 2147483645
  PCTINCREASE 0 FREELISTS 1 FREELIST GROUPS 1 BUFFER_POOL DEFAULT FLASH_CACHE DEFAULT CELL_FLASH_CACHE DEFAULT)
  TABLESPACE "USERS"  ENABLE;
  ALTER TABLE "EDWARDORA"."GUARDIAN" MODIFY ("RELATION" NOT NULL ENABLE);
  ALTER TABLE "EDWARDORA"."GUARDIAN" MODIFY ("MOBILE_NO" NOT NULL ENABLE);
  ALTER TABLE "EDWARDORA"."GUARDIAN" MODIFY ("LAST_NAME" NOT NULL ENABLE);
  ALTER TABLE "EDWARDORA"."GUARDIAN" MODIFY ("FIRST_NAME" NOT NULL ENABLE);
  ALTER TABLE "EDWARDORA"."GUARDIAN" MODIFY ("GUARDIAN_ID" NOT NULL ENABLE);
--------------------------------------------------------
--  Constraints for Table FAMILYHISTORY
--------------------------------------------------------

  ALTER TABLE "EDWARDORA"."FAMILYHISTORY" MODIFY ("ILLNESS" NOT NULL ENABLE);
  ALTER TABLE "EDWARDORA"."FAMILYHISTORY" MODIFY ("FIRST_NAME" NOT NULL ENABLE);
  ALTER TABLE "EDWARDORA"."FAMILYHISTORY" MODIFY ("LAST_NAME" NOT NULL ENABLE);
  ALTER TABLE "EDWARDORA"."FAMILYHISTORY" MODIFY ("PERSON_ID" NOT NULL ENABLE);
  ALTER TABLE "EDWARDORA"."FAMILYHISTORY" MODIFY ("RELATION" NOT NULL ENABLE);
--------------------------------------------------------
--  Constraints for Table FACULTYJOBS
--------------------------------------------------------

  ALTER TABLE "EDWARDORA"."FACULTYJOBS" ADD PRIMARY KEY ("FACULTY_ID")
  USING INDEX PCTFREE 10 INITRANS 2 MAXTRANS 255 COMPUTE STATISTICS 
  STORAGE(INITIAL 65536 NEXT 1048576 MINEXTENTS 1 MAXEXTENTS 2147483645
  PCTINCREASE 0 FREELISTS 1 FREELIST GROUPS 1 BUFFER_POOL DEFAULT FLASH_CACHE DEFAULT CELL_FLASH_CACHE DEFAULT)
  TABLESPACE "USERS"  ENABLE;
  ALTER TABLE "EDWARDORA"."FACULTYJOBS" MODIFY ("FACULTY_ID" NOT NULL ENABLE);
--------------------------------------------------------
--  Constraints for Table FACULTY
--------------------------------------------------------

  ALTER TABLE "EDWARDORA"."FACULTY" ADD PRIMARY KEY ("PERSON_ID")
  USING INDEX PCTFREE 10 INITRANS 2 MAXTRANS 255 COMPUTE STATISTICS 
  STORAGE(INITIAL 65536 NEXT 1048576 MINEXTENTS 1 MAXEXTENTS 2147483645
  PCTINCREASE 0 FREELISTS 1 FREELIST GROUPS 1 BUFFER_POOL DEFAULT FLASH_CACHE DEFAULT CELL_FLASH_CACHE DEFAULT)
  TABLESPACE "USERS"  ENABLE;
  ALTER TABLE "EDWARDORA"."FACULTY" MODIFY ("FACULTY_ID" NOT NULL ENABLE);
  ALTER TABLE "EDWARDORA"."FACULTY" MODIFY ("TYPE_ID" NOT NULL ENABLE);
  ALTER TABLE "EDWARDORA"."FACULTY" MODIFY ("PERSON_ID" NOT NULL ENABLE);
--------------------------------------------------------
--  Constraints for Table ACCOUNT
--------------------------------------------------------

  ALTER TABLE "EDWARDORA"."ACCOUNT" ADD PRIMARY KEY ("PIC_ID")
  USING INDEX PCTFREE 10 INITRANS 2 MAXTRANS 255 COMPUTE STATISTICS 
  STORAGE(INITIAL 65536 NEXT 1048576 MINEXTENTS 1 MAXEXTENTS 2147483645
  PCTINCREASE 0 FREELISTS 1 FREELIST GROUPS 1 BUFFER_POOL DEFAULT FLASH_CACHE DEFAULT CELL_FLASH_CACHE DEFAULT)
  TABLESPACE "USERS"  ENABLE;
  ALTER TABLE "EDWARDORA"."ACCOUNT" MODIFY ("PASSWORD" NOT NULL ENABLE);
  ALTER TABLE "EDWARDORA"."ACCOUNT" MODIFY ("USERNAME" NOT NULL ENABLE);
  ALTER TABLE "EDWARDORA"."ACCOUNT" MODIFY ("PIC_ID" NOT NULL ENABLE);
--------------------------------------------------------
--  Constraints for Table COURSE
--------------------------------------------------------

  ALTER TABLE "EDWARDORA"."COURSE" ADD PRIMARY KEY ("COURSE_ID")
  USING INDEX PCTFREE 10 INITRANS 2 MAXTRANS 255 COMPUTE STATISTICS 
  STORAGE(INITIAL 65536 NEXT 1048576 MINEXTENTS 1 MAXEXTENTS 2147483645
  PCTINCREASE 0 FREELISTS 1 FREELIST GROUPS 1 BUFFER_POOL DEFAULT FLASH_CACHE DEFAULT CELL_FLASH_CACHE DEFAULT)
  TABLESPACE "USERS"  ENABLE;
  ALTER TABLE "EDWARDORA"."COURSE" MODIFY ("COURSE_NAME" NOT NULL ENABLE);
  ALTER TABLE "EDWARDORA"."COURSE" MODIFY ("COURSE_CODE" NOT NULL ENABLE);
  ALTER TABLE "EDWARDORA"."COURSE" MODIFY ("COURSE_ID" NOT NULL ENABLE);
--------------------------------------------------------
--  Constraints for Table DIAGNOSIS
--------------------------------------------------------

  ALTER TABLE "EDWARDORA"."DIAGNOSIS" ADD PRIMARY KEY ("D_NO")
  USING INDEX PCTFREE 10 INITRANS 2 MAXTRANS 255 COMPUTE STATISTICS 
  STORAGE(INITIAL 65536 NEXT 1048576 MINEXTENTS 1 MAXEXTENTS 2147483645
  PCTINCREASE 0 FREELISTS 1 FREELIST GROUPS 1 BUFFER_POOL DEFAULT FLASH_CACHE DEFAULT CELL_FLASH_CACHE DEFAULT)
  TABLESPACE "USERS"  ENABLE;
  ALTER TABLE "EDWARDORA"."DIAGNOSIS" MODIFY ("D_NO" NOT NULL ENABLE);
  ALTER TABLE "EDWARDORA"."DIAGNOSIS" MODIFY ("PERSON_ID" NOT NULL ENABLE);
--------------------------------------------------------
--  Constraints for Table DIAGNOSISHISTORY
--------------------------------------------------------

  ALTER TABLE "EDWARDORA"."DIAGNOSISHISTORY" ADD PRIMARY KEY ("D_NO")
  USING INDEX PCTFREE 10 INITRANS 2 MAXTRANS 255 COMPUTE STATISTICS 
  STORAGE(INITIAL 65536 NEXT 1048576 MINEXTENTS 1 MAXEXTENTS 2147483645
  PCTINCREASE 0 FREELISTS 1 FREELIST GROUPS 1 BUFFER_POOL DEFAULT FLASH_CACHE DEFAULT CELL_FLASH_CACHE DEFAULT)
  TABLESPACE "USERS"  ENABLE;
  ALTER TABLE "EDWARDORA"."DIAGNOSISHISTORY" MODIFY ("PIC_ID" NOT NULL ENABLE);
  ALTER TABLE "EDWARDORA"."DIAGNOSISHISTORY" MODIFY ("D_DATE" NOT NULL ENABLE);
  ALTER TABLE "EDWARDORA"."DIAGNOSISHISTORY" MODIFY ("D_NO" NOT NULL ENABLE);
--------------------------------------------------------
--  Constraints for Table DRUG
--------------------------------------------------------

  ALTER TABLE "EDWARDORA"."DRUG" MODIFY ("QUANTITY" NOT NULL ENABLE);
  ALTER TABLE "EDWARDORA"."DRUG" MODIFY ("COST" NOT NULL ENABLE);
  ALTER TABLE "EDWARDORA"."DRUG" MODIFY ("NAME" NOT NULL ENABLE);
  ALTER TABLE "EDWARDORA"."DRUG" MODIFY ("D_NO" NOT NULL ENABLE);
--------------------------------------------------------
--  Constraints for Table PERSONALCONSULTATION
--------------------------------------------------------

  ALTER TABLE "EDWARDORA"."PERSONALCONSULTATION" ADD PRIMARY KEY ("PC_NO")
  USING INDEX PCTFREE 10 INITRANS 2 MAXTRANS 255 COMPUTE STATISTICS 
  STORAGE(INITIAL 65536 NEXT 1048576 MINEXTENTS 1 MAXEXTENTS 2147483645
  PCTINCREASE 0 FREELISTS 1 FREELIST GROUPS 1 BUFFER_POOL DEFAULT FLASH_CACHE DEFAULT CELL_FLASH_CACHE DEFAULT)
  TABLESPACE "USERS"  ENABLE;
  ALTER TABLE "EDWARDORA"."PERSONALCONSULTATION" MODIFY ("PLANS" NOT NULL ENABLE);
  ALTER TABLE "EDWARDORA"."PERSONALCONSULTATION" MODIFY ("ASSESSMENT" NOT NULL ENABLE);
  ALTER TABLE "EDWARDORA"."PERSONALCONSULTATION" MODIFY ("OBJECTFINDINGS" NOT NULL ENABLE);
  ALTER TABLE "EDWARDORA"."PERSONALCONSULTATION" MODIFY ("SUBJECTCOMPLAINTS" NOT NULL ENABLE);
  ALTER TABLE "EDWARDORA"."PERSONALCONSULTATION" MODIFY ("PC_NO" NOT NULL ENABLE);
  ALTER TABLE "EDWARDORA"."PERSONALCONSULTATION" MODIFY ("PERSON_ID" NOT NULL ENABLE);
--------------------------------------------------------
--  Constraints for Table PERSONALCONSULTATIONHISTORY
--------------------------------------------------------

  ALTER TABLE "EDWARDORA"."PERSONALCONSULTATIONHISTORY" ADD PRIMARY KEY ("PC_NO")
  USING INDEX PCTFREE 10 INITRANS 2 MAXTRANS 255 COMPUTE STATISTICS 
  STORAGE(INITIAL 65536 NEXT 1048576 MINEXTENTS 1 MAXEXTENTS 2147483645
  PCTINCREASE 0 FREELISTS 1 FREELIST GROUPS 1 BUFFER_POOL DEFAULT FLASH_CACHE DEFAULT CELL_FLASH_CACHE DEFAULT)
  TABLESPACE "USERS"  ENABLE;
  ALTER TABLE "EDWARDORA"."PERSONALCONSULTATIONHISTORY" MODIFY ("PIC_ID" NOT NULL ENABLE);
  ALTER TABLE "EDWARDORA"."PERSONALCONSULTATIONHISTORY" MODIFY ("PC_DATE" NOT NULL ENABLE);
  ALTER TABLE "EDWARDORA"."PERSONALCONSULTATIONHISTORY" MODIFY ("PC_NO" NOT NULL ENABLE);
--------------------------------------------------------
--  Constraints for Table PERSONINCHARGE
--------------------------------------------------------

  ALTER TABLE "EDWARDORA"."PERSONINCHARGE" ADD PRIMARY KEY ("PIC_ID")
  USING INDEX PCTFREE 10 INITRANS 2 MAXTRANS 255 COMPUTE STATISTICS 
  STORAGE(INITIAL 65536 NEXT 1048576 MINEXTENTS 1 MAXEXTENTS 2147483645
  PCTINCREASE 0 FREELISTS 1 FREELIST GROUPS 1 BUFFER_POOL DEFAULT FLASH_CACHE DEFAULT CELL_FLASH_CACHE DEFAULT)
  TABLESPACE "USERS"  ENABLE;
  ALTER TABLE "EDWARDORA"."PERSONINCHARGE" MODIFY ("PIC_ID" NOT NULL ENABLE);
--------------------------------------------------------
--  Constraints for Table PHYSICALEXAM
--------------------------------------------------------

  ALTER TABLE "EDWARDORA"."PHYSICALEXAM" ADD PRIMARY KEY ("PE_NO")
  USING INDEX PCTFREE 10 INITRANS 2 MAXTRANS 255 COMPUTE STATISTICS 
  STORAGE(INITIAL 65536 NEXT 1048576 MINEXTENTS 1 MAXEXTENTS 2147483645
  PCTINCREASE 0 FREELISTS 1 FREELIST GROUPS 1 BUFFER_POOL DEFAULT FLASH_CACHE DEFAULT CELL_FLASH_CACHE DEFAULT)
  TABLESPACE "USERS"  ENABLE;
  ALTER TABLE "EDWARDORA"."PHYSICALEXAM" MODIFY ("PERSON_DIAGNOSIS" NOT NULL ENABLE);
  ALTER TABLE "EDWARDORA"."PHYSICALEXAM" MODIFY ("HEART_IRREGULARITIES" NOT NULL ENABLE);
  ALTER TABLE "EDWARDORA"."PHYSICALEXAM" MODIFY ("HEART_DIASTOLIC" NOT NULL ENABLE);
  ALTER TABLE "EDWARDORA"."PHYSICALEXAM" MODIFY ("HEART_SYSTOLIC" NOT NULL ENABLE);
  ALTER TABLE "EDWARDORA"."PHYSICALEXAM" MODIFY ("HEART_RATE" NOT NULL ENABLE);
  ALTER TABLE "EDWARDORA"."PHYSICALEXAM" MODIFY ("HEIGHT_INCH" NOT NULL ENABLE);
  ALTER TABLE "EDWARDORA"."PHYSICALEXAM" MODIFY ("HEIGHT_FEET" NOT NULL ENABLE);
  ALTER TABLE "EDWARDORA"."PHYSICALEXAM" MODIFY ("PE_NO" NOT NULL ENABLE);
  ALTER TABLE "EDWARDORA"."PHYSICALEXAM" MODIFY ("PERSON_ID" NOT NULL ENABLE);
--------------------------------------------------------
--  Constraints for Table PHYSICALEXAMHISTORY
--------------------------------------------------------

  ALTER TABLE "EDWARDORA"."PHYSICALEXAMHISTORY" ADD PRIMARY KEY ("PE_NO")
  USING INDEX PCTFREE 10 INITRANS 2 MAXTRANS 255 COMPUTE STATISTICS 
  STORAGE(INITIAL 65536 NEXT 1048576 MINEXTENTS 1 MAXEXTENTS 2147483645
  PCTINCREASE 0 FREELISTS 1 FREELIST GROUPS 1 BUFFER_POOL DEFAULT FLASH_CACHE DEFAULT CELL_FLASH_CACHE DEFAULT)
  TABLESPACE "USERS"  ENABLE;
  ALTER TABLE "EDWARDORA"."PHYSICALEXAMHISTORY" MODIFY ("PIC_ID" NOT NULL ENABLE);
  ALTER TABLE "EDWARDORA"."PHYSICALEXAMHISTORY" MODIFY ("PE_DATE" NOT NULL ENABLE);
  ALTER TABLE "EDWARDORA"."PHYSICALEXAMHISTORY" MODIFY ("PE_NO" NOT NULL ENABLE);
--------------------------------------------------------
--  Constraints for Table TYPE
--------------------------------------------------------

  ALTER TABLE "EDWARDORA"."TYPE" ADD PRIMARY KEY ("TYPE_ID")
  USING INDEX PCTFREE 10 INITRANS 2 MAXTRANS 255 COMPUTE STATISTICS 
  STORAGE(INITIAL 65536 NEXT 1048576 MINEXTENTS 1 MAXEXTENTS 2147483645
  PCTINCREASE 0 FREELISTS 1 FREELIST GROUPS 1 BUFFER_POOL DEFAULT FLASH_CACHE DEFAULT CELL_FLASH_CACHE DEFAULT)
  TABLESPACE "USERS"  ENABLE;
  ALTER TABLE "EDWARDORA"."TYPE" MODIFY ("TYPE_NAME" NOT NULL ENABLE);
  ALTER TABLE "EDWARDORA"."TYPE" MODIFY ("TYPE_ID" NOT NULL ENABLE);
--------------------------------------------------------
--  Constraints for Table STUDENT
--------------------------------------------------------

  ALTER TABLE "EDWARDORA"."STUDENT" ADD PRIMARY KEY ("PERSON_ID")
  USING INDEX PCTFREE 10 INITRANS 2 MAXTRANS 255 COMPUTE STATISTICS 
  STORAGE(INITIAL 65536 NEXT 1048576 MINEXTENTS 1 MAXEXTENTS 2147483645
  PCTINCREASE 0 FREELISTS 1 FREELIST GROUPS 1 BUFFER_POOL DEFAULT FLASH_CACHE DEFAULT CELL_FLASH_CACHE DEFAULT)
  TABLESPACE "USERS"  ENABLE;
  ALTER TABLE "EDWARDORA"."STUDENT" MODIFY ("STUDENT_YEAR" NOT NULL ENABLE);
  ALTER TABLE "EDWARDORA"."STUDENT" MODIFY ("TYPE_ID" NOT NULL ENABLE);
  ALTER TABLE "EDWARDORA"."STUDENT" MODIFY ("COURSE_ID" NOT NULL ENABLE);
  ALTER TABLE "EDWARDORA"."STUDENT" MODIFY ("PERSON_ID" NOT NULL ENABLE);
